"ID","post_author","post_date","post_date_gmt","post_content","post_title","post_excerpt","post_status","comment_status","ping_status","post_password","post_name","to_ping","pinged","post_modified","post_modified_gmt","post_content_filtered","post_parent","guid","menu_order","post_type","post_mime_type","comment_count"
"4","0","2026-01-04 23:48:30","2026-01-04 23:48:30","<!-- wp:page-list /-->","Navigation","","publish","closed","closed","","navigation","","","2026-01-04 23:48:30","2026-01-04 23:48:30","","0","http://sportsko-udruzenje-wp.local/navigation/","0","wp_navigation","","0"
"10","1","2026-01-05 01:19:52","2026-01-05 01:19:52","{""version"": 3, ""isGlobalStylesUserThemeJSON"": true }","Custom Styles","","publish","closed","closed","","wp-global-styles-hello-elementor","","","2026-01-05 01:19:52","2026-01-05 01:19:52","","0","http://sportsko-udruzenje-wp.local/wp-global-styles-hello-elementor/","0","wp_global_styles","","0"
"20","1","2026-01-05 02:09:14","2026-01-05 02:09:14","","Default Kit","","publish","closed","closed","","default-kit","","","2026-02-09 20:28:14","2026-02-09 20:28:14","","0","http://sportsko-udruzenje-wp.local/?p=20","0","elementor_library","","0"
"136","1","2026-01-20 12:25:23","2026-01-20 12:25:23","<!-- wp:paragraph -->
<p></p>
<!-- /wp:paragraph -->

<!-- wp:spacer -->
<div style=""height:100px"" aria-hidden=""true"" class=""wp-block-spacer""></div>
<!-- /wp:spacer -->

<!-- wp:shortcode -->
[flm_utakmica]
<!-- /wp:shortcode -->

<!-- wp:spacer -->
<div style=""height:100px"" aria-hidden=""true"" class=""wp-block-spacer""></div>
<!-- /wp:spacer -->","Mali Fudbal Live Test","","publish","closed","closed","","mali-fudbal-live-test","","","2026-01-20 12:54:28","2026-01-20 12:54:28","","0","http://sportsko-udruzenje-wp.local/?page_id=136","0","page","","0"
"137","1","2026-01-20 12:25:23","2026-01-20 12:25:23","","Mali Fudbal Live Test","","inherit","closed","closed","","136-revision-v1","","","2026-01-20 12:25:23","2026-01-20 12:25:23","","136","http://sportsko-udruzenje-wp.local/?p=137","0","revision","","0"
"138","1","2026-01-20 12:25:59","2026-01-20 12:25:59","<!-- wp:shortcode -->
[flm_utakmica]
<!-- /wp:shortcode -->","Mali Fudbal Live Test","","inherit","closed","closed","","136-revision-v1","","","2026-01-20 12:25:59","2026-01-20 12:25:59","","136","http://sportsko-udruzenje-wp.local/?p=138","0","revision","","0"
"139","1","2026-01-20 12:53:50","2026-01-20 12:53:50","<!-- wp:shortcode -->
[flm_utakmica]
<!-- /wp:shortcode -->

<!-- wp:paragraph -->
<p></p>
<!-- /wp:paragraph -->","Mali Fudbal Live Test","","inherit","closed","closed","","136-revision-v1","","","2026-01-20 12:53:50","2026-01-20 12:53:50","","136","http://sportsko-udruzenje-wp.local/?p=139","0","revision","","0"
"140","1","2026-01-20 12:54:28","2026-01-20 12:54:28","<!-- wp:paragraph -->
<p></p>
<!-- /wp:paragraph -->

<!-- wp:spacer -->
<div style=""height:100px"" aria-hidden=""true"" class=""wp-block-spacer""></div>
<!-- /wp:spacer -->

<!-- wp:shortcode -->
[flm_utakmica]
<!-- /wp:shortcode -->

<!-- wp:spacer -->
<div style=""height:100px"" aria-hidden=""true"" class=""wp-block-spacer""></div>
<!-- /wp:spacer -->","Mali Fudbal Live Test","","inherit","closed","closed","","136-revision-v1","","","2026-01-20 12:54:28","2026-01-20 12:54:28","","136","http://sportsko-udruzenje-wp.local/?p=140","0","revision","","0"
"143","1","2026-01-28 16:19:50","2026-01-28 16:19:50","","mali fudbal","","publish","closed","closed","","mali-fudbal","","","2026-01-28 16:19:50","2026-01-28 16:19:50","","0","http://sportsko-udruzenje-wp.local/?page_id=143","0","page","","0"
"144","1","2026-01-28 16:19:50","2026-01-28 16:19:50","","mali fudbal","","inherit","closed","closed","","143-revision-v1","","","2026-01-28 16:19:50","2026-01-28 16:19:50","","143","http://sportsko-udruzenje-wp.local/?p=144","0","revision","","0"
"145","1","2026-01-28 16:21:32","2026-01-28 16:21:32","","3x3 Basket","","publish","closed","closed","","3x3-basket","","","2026-03-20 13:57:40","2026-03-20 13:57:40","","0","http://sportsko-udruzenje-wp.local/?page_id=145","0","page","","0"
"146","1","2026-01-28 16:21:32","2026-01-28 16:21:32","","3x3 Basket","","inherit","closed","closed","","145-revision-v1","","","2026-01-28 16:21:32","2026-01-28 16:21:32","","145","http://sportsko-udruzenje-wp.local/?p=146","0","revision","","0"
"185","1","2026-02-01 11:54:20","2026-02-01 11:54:20","","01_Zaricev_Vajat_Sponzor","","inherit","open","closed","","01_zaricev_vajat_sponzor","","","2026-02-01 11:54:20","2026-02-01 11:54:20","","0","http://sportsko-udruzenje-wp.local/wp-content/uploads/2026/02/01_Zaricev_Vajat_Sponzor.png","0","attachment","image/png","0"
"186","1","2026-02-01 11:55:59","2026-02-01 11:55:59","","02_MiM_Auto_Skola_Sponzor","","inherit","open","closed","","02_mim_auto_skola_sponzor","","","2026-02-01 11:55:59","2026-02-01 11:55:59","","0","http://sportsko-udruzenje-wp.local/wp-content/uploads/2026/02/02_MiM_Auto_Skola_Sponzor.png","0","attachment","image/png","0"
"187","1","2026-02-01 12:12:27","2026-02-01 12:12:27","","Vesti","","publish","closed","closed","","vesti","","","2026-02-01 12:12:27","2026-02-01 12:12:27","","0","http://sportsko-udruzenje-wp.local/vesti/","0","page","","0"
"189","1","2026-02-01 12:12:27","2026-02-01 12:12:27","Play-in faza je nova prilika za timove od 5-og do 12-og mesta da se domognu zavrsnice. Igra se po jedna utakmica na ispadanje i to odmah u nedelji nakon završene grupne faze. Igrač ostvaruje pravo nastupa u play-in tek nakon odigranih 30% utakmica u grupnoj fazi!

Format ukrštanja:

5.mesto A grupa vs 12.mesto B grupa

6.mesto A grupa vs 11.mesto B grupa

7.mesto A grupa vs 10.mesto B grupa

8.mesto A grupa vs 9.mesto B grupa

9.mesto A grupa vs 8.mesto B grupa

10.mesto A grupa vs 7.mesto B grupa

11.mesto A grupa vs 6.mesto B grupa

12.mesto A grupa vs 5.mesto B grupa","Playin faza: Objasnjenje dodatnog formata takmičenja","Kako funkcionise playin i sta donosi timovima iz grupa.","publish","open","open","","playin-faza-objasnjenje-i-kljucne-utakmice","","","2026-02-15 21:17:28","2026-02-15 21:17:28","","0","http://sportsko-udruzenje-wp.local/playin-faza-objasnjenje-i-kljucne-utakmice/","0","post","","0"
"190","1","2026-02-01 12:12:27","2026-02-01 12:12:27","Trajanje utakmice: 2x20 minuta

Broj igrača: 4+1 ( 5 rezervi )

Grupna faza: 13 nedelja

Svaki crveni karton nosi suspenziju igranja u narednom kolu.

Za učešće u narednoj fazi takmičenja igrač je dužan da ostvari minimum 30% odigranih utakmica u regularnom delu.

Otkazivanje utakmice na dan termina se ne prihvata i automatski se naplaćuje iz depozita, a protivniku se upisuje 3 boda.","Pravila lige","format takmičenja i osnovna pravila 
","publish","open","open","","najbolji-strelci-nedelje","","","2026-02-15 21:45:40","2026-02-15 21:45:40","","0","http://sportsko-udruzenje-wp.local/najbolji-strelci-nedelje/","0","post","","0"
"191","1","2026-02-01 16:38:40","2026-02-01 16:38:40","","Pocetna","","publish","closed","closed","","pocetna","","","2026-02-01 16:38:40","2026-02-01 16:38:40","","0","http://sportsko-udruzenje-wp.local/?page_id=191","0","page","","0"
"192","1","2026-02-01 16:38:40","2026-02-01 16:38:40","","Pocetna","","inherit","closed","closed","","191-revision-v1","","","2026-02-01 16:38:40","2026-02-01 16:38:40","","191","http://sportsko-udruzenje-wp.local/?p=192","0","revision","","0"
"193","1","2026-02-01 17:02:10","2026-02-01 17:02:10","","logo_udruzenje","","inherit","open","closed","","logo_udruzenje","","","2026-02-01 17:02:10","2026-02-01 17:02:10","","0","http://sportsko-udruzenje-wp.local/wp-content/uploads/2026/02/logo_udruzenje.jpg","0","attachment","image/jpeg","0"
"194","1","2026-02-01 17:02:11","2026-02-01 17:02:11","","logo_basket","","inherit","open","closed","","logo_basket","","","2026-02-01 17:02:11","2026-02-01 17:02:11","","0","http://sportsko-udruzenje-wp.local/wp-content/uploads/2026/02/logo_basket.jpg","0","attachment","image/jpeg","0"
"195","1","2026-02-01 17:02:13","2026-02-01 17:02:13","","logo_fudbal","","inherit","open","closed","","logo_fudbal","","","2026-02-01 17:02:13","2026-02-01 17:02:13","","0","http://sportsko-udruzenje-wp.local/wp-content/uploads/2026/02/logo_fudbal.jpg","0","attachment","image/jpeg","0"
"198","1","2026-02-02 13:42:17","2026-02-02 13:42:17","","teren","","inherit","open","closed","","teren","","","2026-02-02 13:42:17","2026-02-02 13:42:17","","0","http://sportsko-udruzenje-wp.local/wp-content/uploads/2026/02/teren.png","0","attachment","image/png","0"
"231","1","2026-02-02 16:23:46","2026-02-02 16:23:46","","Liga Novo naselje - Sezona 1","","publish","closed","closed","","liga-novo-naselje-2026","","","2026-05-17 09:33:44","2026-05-17 09:33:44","","0","http://sportsko-udruzenje-wp.local/mali-fudbal/liga-novo-naselje-2026/","0","flm_liga","","0"
"232","1","2026-02-02 16:23:46","2026-02-02 16:23:46","","Elektro Servis Stojanović","","publish","closed","closed","","elektro-servis-stojanovic","","","2026-02-02 16:23:46","2026-02-02 16:23:46","","0","http://sportsko-udruzenje-wp.local/mali-fudbal/tim/elektro-servis-stojanovic/","0","flm_tim","","0"
"233","1","2026-02-02 16:23:46","2026-02-02 16:23:46","","Don Carlos Loznica","","publish","closed","closed","","don-carlos-loznica","","","2026-02-09 20:24:08","2026-02-09 20:24:08","","0","http://sportsko-udruzenje-wp.local/mali-fudbal/tim/don-carlos-loznica/","0","flm_tim","","0"
"234","1","2026-02-02 16:23:46","2026-02-02 16:23:46","","Calmness masaže","","publish","closed","closed","","stala-7","","","2026-03-24 19:27:44","2026-03-24 19:27:44","","0","http://sportsko-udruzenje-wp.local/mali-fudbal/tim/stala-7/","0","flm_tim","","0"
"235","1","2026-02-02 16:23:46","2026-02-02 16:23:46","","PG Bajac Gospođinci","","publish","closed","closed","","pg-bajac-gospodinci","","","2026-02-09 20:25:48","2026-02-09 20:25:48","","0","http://sportsko-udruzenje-wp.local/mali-fudbal/tim/pg-bajac-gospodinci/","0","flm_tim","","0"
"236","1","2026-02-02 16:23:47","2026-02-02 16:23:47","","Pavin Caffe","","publish","closed","closed","","pavin-caffe","","","2026-02-04 01:05:02","2026-02-04 01:05:02","","0","http://sportsko-udruzenje-wp.local/mali-fudbal/tim/pavin-caffe/","0","flm_tim","","0"
"237","1","2026-02-02 16:23:47","2026-02-02 16:23:47","","FK Asvel","","publish","closed","closed","","fk-asvel","","","2026-02-09 20:24:39","2026-02-09 20:24:39","","0","http://sportsko-udruzenje-wp.local/mali-fudbal/tim/fk-asvel/","0","flm_tim","","0"
"238","1","2026-02-02 16:23:47","2026-02-02 16:23:47","","Auto Škola M&M","","publish","closed","closed","","auto-skola-mm","","","2026-02-04 01:05:36","2026-02-04 01:05:36","","0","http://sportsko-udruzenje-wp.local/mali-fudbal/tim/auto-skola-mm/","0","flm_tim","","0"
"239","1","2026-02-02 16:23:47","2026-02-02 16:23:47","","Beton United","","publish","closed","closed","","beton-united","","","2026-02-04 01:08:51","2026-02-04 01:08:51","","0","http://sportsko-udruzenje-wp.local/mali-fudbal/tim/beton-united/","0","flm_tim","","0"
"240","1","2026-02-02 16:23:47","2026-02-02 16:23:47","","Princip","","publish","closed","closed","","princip","","","2026-02-04 01:07:36","2026-02-04 01:07:36","","0","http://sportsko-udruzenje-wp.local/mali-fudbal/tim/princip/","0","flm_tim","","0"
"241","1","2026-02-02 16:23:47","2026-02-02 16:23:47","","Bokan DOO Fasadom","","publish","closed","closed","","bokan-doo-fasadom","","","2026-02-04 01:04:31","2026-02-04 01:04:31","","0","http://sportsko-udruzenje-wp.local/mali-fudbal/tim/bokan-doo-fasadom/","0","flm_tim","","0"
"242","1","2026-02-02 16:23:47","2026-02-02 16:23:47","","M&M Lounge Bar","","publish","closed","closed","","mm-lounge-bar","","","2026-02-04 01:10:47","2026-02-04 01:10:47","","0","http://sportsko-udruzenje-wp.local/mali-fudbal/tim/mm-lounge-bar/","0","flm_tim","","0"
"243","1","2026-02-02 16:23:47","2026-02-02 16:23:47","","Pizzdarija","","publish","closed","closed","","pizzdarija","","","2026-02-04 01:04:05","2026-02-04 01:04:05","","0","http://sportsko-udruzenje-wp.local/mali-fudbal/tim/pizzzdarija/","0","flm_tim","","0"
"245","1","2026-02-02 16:23:47","2026-02-02 16:23:47","","Kamađo klimatizacija","","publish","closed","closed","","kamado","","","2026-04-07 12:22:21","2026-04-07 12:22:21","","0","http://sportsko-udruzenje-wp.local/mali-fudbal/tim/kamado/","0","flm_tim","","0"
"246","1","2026-02-02 16:23:48","2026-02-02 16:23:48","","Restoran Kod Duće","","publish","closed","closed","","restoran-kod-duce","","","2026-02-04 01:09:35","2026-02-04 01:09:35","","0","http://sportsko-udruzenje-wp.local/mali-fudbal/tim/restoran-kod-duce/","0","flm_tim","","0"
"247","1","2026-02-02 16:23:48","2026-02-02 16:23:48","","DP Mia I Hana","","publish","closed","closed","","dp-mia-i-hana","","","2026-02-15 15:07:16","2026-02-15 15:07:16","","0","http://sportsko-udruzenje-wp.local/mali-fudbal/tim/dp-mia-i-hana/","0","flm_tim","","0"
"248","1","2026-02-02 16:23:48","2026-02-02 16:23:48","","433","","publish","closed","closed","","433","","","2026-02-04 01:09:10","2026-02-04 01:09:10","","0","http://sportsko-udruzenje-wp.local/mali-fudbal/tim/433/","0","flm_tim","","0"
"249","1","2026-02-02 16:23:48","2026-02-02 16:23:48","","DI Petrol","","publish","closed","closed","","di-petrol","","","2026-02-15 15:13:17","2026-02-15 15:13:17","","0","http://sportsko-udruzenje-wp.local/mali-fudbal/tim/di-petrol/","0","flm_tim","","0"
"250","1","2026-02-02 16:23:48","2026-02-02 16:23:48","","Eventique","","publish","closed","closed","","eventique","","","2026-02-27 17:51:30","2026-02-27 17:51:30","","0","http://sportsko-udruzenje-wp.local/mali-fudbal/tim/eventique/","0","flm_tim","","0"
"251","1","2026-02-02 16:23:48","2026-02-02 16:23:48","","LAKO ĆEMO","","publish","closed","closed","","fk-neradnicki","","","2026-03-10 21:31:36","2026-03-10 21:31:36","","0","http://sportsko-udruzenje-wp.local/mali-fudbal/tim/fk-neradnicki/","0","flm_tim","","0"
"252","1","2026-02-02 16:23:48","2026-02-02 16:23:48","","Tata Brada","","publish","closed","closed","","tata-brada","","","2026-06-16 16:39:42","2026-06-16 16:39:42","","0","http://sportsko-udruzenje-wp.local/mali-fudbal/tim/tata-brada/","0","flm_tim","","0"
"253","1","2026-02-02 16:23:48","2026-02-02 16:23:48","","Galans","","publish","closed","closed","","galans","","","2026-02-27 17:51:05","2026-02-27 17:51:05","","0","http://sportsko-udruzenje-wp.local/mali-fudbal/tim/galans/","0","flm_tim","","0"
"254","1","2026-02-02 16:23:48","2026-02-02 16:23:48","","Barber Shop Vukadinović","","publish","closed","closed","","barber-shop-vukadinovic","","","2026-02-27 17:51:55","2026-02-27 17:51:55","","0","http://sportsko-udruzenje-wp.local/mali-fudbal/tim/barber-shop-vukadinovic/","0","flm_tim","","0"
"255","1","2026-02-02 16:23:48","2026-02-02 16:23:48","","Restoran Đenka","","publish","closed","closed","","hala-restoran-djenka","","","2026-02-04 01:07:13","2026-02-04 01:07:13","","0","http://sportsko-udruzenje-wp.local/mali-fudbal/tim/kmf-hala/","0","flm_tim","","0"
"256","1","2026-02-02 16:23:48","2026-02-02 16:23:48","","Strong One","","publish","closed","closed","","strong-one","","","2026-06-09 23:30:40","2026-06-09 23:30:40","","0","http://sportsko-udruzenje-wp.local/mali-fudbal/tim/strong-one/","0","flm_tim","","0"
"257","1","2026-02-02 16:23:48","2026-02-02 16:23:48","","FK Nosponsor","","publish","closed","closed","","fk-nosponsor","","","2026-02-27 17:50:38","2026-02-27 17:50:38","","0","http://sportsko-udruzenje-wp.local/mali-fudbal/tim/fk-nosponsor/","0","flm_tim","","0"
"258","1","2026-02-02 16:23:48","2026-02-02 16:23:48","","FK Zilinger","","publish","closed","closed","","fk-zilinger","","","2026-02-04 01:08:29","2026-02-04 01:08:29","","0","http://sportsko-udruzenje-wp.local/mali-fudbal/tim/fk-zilinger/","0","flm_tim","","0"
"259","1","2026-02-02 19:14:55","2026-02-02 19:14:55","","02_MiM_Auto_Skola_Sponzor","","inherit","open","closed","","02_mim_auto_skola_sponzor-2","","","2026-02-02 19:14:55","2026-02-02 19:14:55","","238","https://sportskoudruzenjenovonaselje.com/wp-content/uploads/2026/02/02_MiM_Auto_Skola_Sponzor-1.png","0","attachment","image/png","0"
"260","1","2026-02-02 19:15:54","2026-02-02 19:15:54","","Pizzdarija_logo","","inherit","open","closed","","pizzdarija_logo","","","2026-02-02 19:15:54","2026-02-02 19:15:54","","243","https://sportskoudruzenjenovonaselje.com/wp-content/uploads/2026/02/Pizzdarija_logo.png","0","attachment","image/png","0"
"261","1","2026-02-02 19:17:06","2026-02-02 19:17:06","","M&M Lounge Bar logo","","inherit","open","closed","","mm-lounge-bar-logo","","","2026-02-02 19:17:06","2026-02-02 19:17:06","","242","https://sportskoudruzenjenovonaselje.com/wp-content/uploads/2026/02/MM-Lounge-Bar-logo.png","0","attachment","image/png","0"
"262","1","2026-02-02 19:18:25","2026-02-02 19:18:25","","omar-ramadan-wdQz3RbcOgQ-unsplash","","inherit","open","closed","","omar-ramadan-wdqz3rbcogq-unsplash","","","2026-02-02 19:18:25","2026-02-02 19:18:25","","231","https://sportskoudruzenjenovonaselje.com/wp-content/uploads/2026/02/omar-ramadan-wdQz3RbcOgQ-unsplash.webp","0","attachment","image/webp","0"
"263","1","2026-02-03 17:03:38","2026-02-03 17:03:38","","image00109","","inherit","open","closed","","image00109","","","2026-02-03 17:03:38","2026-02-03 17:03:38","","242","https://sportskoudruzenjenovonaselje.com/wp-content/uploads/2026/02/image00109.jpeg","0","attachment","image/jpeg","0"
"264","1","2026-02-03 17:05:01","2026-02-03 17:05:01","","image00106","","inherit","open","closed","","image00106","","","2026-02-03 17:05:01","2026-02-03 17:05:01","","242","https://sportskoudruzenjenovonaselje.com/wp-content/uploads/2026/02/image00106.jpeg","0","attachment","image/jpeg","0"
"265","1","2026-02-03 17:05:21","2026-02-03 17:05:21","","image00106","","inherit","open","closed","","image00106-2","","","2026-02-03 17:05:21","2026-02-03 17:05:21","","242","https://sportskoudruzenjenovonaselje.com/wp-content/uploads/2026/02/image00106-1.jpeg","0","attachment","image/jpeg","0"
"266","1","2026-02-03 17:11:11","2026-02-03 17:11:11","","image00103","","inherit","open","closed","","image00103","","","2026-02-03 17:11:11","2026-02-03 17:11:11","","242","https://sportskoudruzenjenovonaselje.com/wp-content/uploads/2026/02/image00103.jpeg","0","attachment","image/jpeg","0"
"267","1","2026-02-03 17:12:45","2026-02-03 17:12:45","","image00105","","inherit","open","closed","","image00105","","","2026-02-03 17:12:45","2026-02-03 17:12:45","","242","https://sportskoudruzenjenovonaselje.com/wp-content/uploads/2026/02/image00105.jpeg","0","attachment","image/jpeg","0"
"268","1","2026-02-03 17:27:04","2026-02-03 17:27:04","","image00107","","inherit","open","closed","","image00107","","","2026-02-03 17:27:04","2026-02-03 17:27:04","","242","https://sportskoudruzenjenovonaselje.com/wp-content/uploads/2026/02/image00107.jpeg","0","attachment","image/jpeg","0"
"269","1","2026-02-03 18:01:34","2026-02-03 18:01:34","","014_Logo_ekipa","","inherit","open","closed","","014_logo_ekipa","","","2026-02-03 18:02:31","2026-02-03 18:02:31","","256","https://sportskoudruzenjenovonaselje.com/wp-content/uploads/2026/02/014_Logo_ekipa.webp","0","attachment","image/webp","0"
"270","1","2026-02-03 18:01:35","2026-02-03 18:01:35","","013_Logo_ekipa","","inherit","open","closed","","013_logo_ekipa","","","2026-02-04 01:04:03","2026-02-04 01:04:03","","256","https://sportskoudruzenjenovonaselje.com/wp-content/uploads/2026/02/013_Logo_ekipa.webp","0","attachment","image/webp","0"
"271","1","2026-02-03 18:01:35","2026-02-03 18:01:35","","012_Logo_ekipa","","inherit","open","closed","","012_logo_ekipa","","","2026-02-04 01:04:26","2026-02-04 01:04:26","","256","https://sportskoudruzenjenovonaselje.com/wp-content/uploads/2026/02/012_Logo_ekipa.webp","0","attachment","image/webp","0"
"272","1","2026-02-03 18:01:36","2026-02-03 18:01:36","","011_Logo_ekipa","","inherit","open","closed","","011_logo_ekipa","","","2026-02-04 01:05:00","2026-02-04 01:05:00","","256","https://sportskoudruzenjenovonaselje.com/wp-content/uploads/2026/02/011_Logo_ekipa.webp","0","attachment","image/webp","0"
"273","1","2026-02-03 18:01:36","2026-02-03 18:01:36","","010_Logo_ekipa","","inherit","open","closed","","010_logo_ekipa","","","2026-02-04 01:05:34","2026-02-04 01:05:34","","256","https://sportskoudruzenjenovonaselje.com/wp-content/uploads/2026/02/010_Logo_ekipa.webp","0","attachment","image/webp","0"
"274","1","2026-02-03 18:01:37","2026-02-03 18:01:37","","008_Logo_ekipa","","inherit","open","closed","","008_logo_ekipa","","","2026-02-04 01:05:56","2026-02-04 01:05:56","","256","https://sportskoudruzenjenovonaselje.com/wp-content/uploads/2026/02/008_Logo_ekipa.webp","0","attachment","image/webp","0"
"275","1","2026-02-03 18:01:37","2026-02-03 18:01:37","","007_Logo_ekipa","","inherit","open","closed","","007_logo_ekipa","","","2026-02-04 01:07:12","2026-02-04 01:07:12","","256","https://sportskoudruzenjenovonaselje.com/wp-content/uploads/2026/02/007_Logo_ekipa.webp","0","attachment","image/webp","0"
"276","1","2026-02-03 18:01:38","2026-02-03 18:01:38","","006_Logo_ekipa","","inherit","open","closed","","006_logo_ekipa","","","2026-02-04 01:07:34","2026-02-04 01:07:34","","256","https://sportskoudruzenjenovonaselje.com/wp-content/uploads/2026/02/006_Logo_ekipa.webp","0","attachment","image/webp","0"
"277","1","2026-02-03 18:01:38","2026-02-03 18:01:38","","005_Logo_ekipa","","inherit","open","closed","","005_logo_ekipa","","","2026-02-04 01:08:00","2026-02-04 01:08:00","","256","https://sportskoudruzenjenovonaselje.com/wp-content/uploads/2026/02/005_Logo_ekipa.webp","0","attachment","image/webp","0"
"278","1","2026-02-03 18:01:39","2026-02-03 18:01:39","","004_Logo_ekipa","","inherit","open","closed","","004_logo_ekipa","","","2026-02-04 01:08:28","2026-02-04 01:08:28","","256","https://sportskoudruzenjenovonaselje.com/wp-content/uploads/2026/02/004_Logo_ekipa.webp","0","attachment","image/webp","0"
"279","1","2026-02-03 18:01:40","2026-02-03 18:01:40","","003_Logo_ekipa","","inherit","open","closed","","003_logo_ekipa","","","2026-02-04 01:08:49","2026-02-04 01:08:49","","256","https://sportskoudruzenjenovonaselje.com/wp-content/uploads/2026/02/003_Logo_ekipa.webp","0","attachment","image/webp","0"
"280","1","2026-02-03 18:01:40","2026-02-03 18:01:40","","002_Logo_ekipa","","inherit","open","closed","","002_logo_ekipa","","","2026-02-04 01:09:09","2026-02-04 01:09:09","","256","https://sportskoudruzenjenovonaselje.com/wp-content/uploads/2026/02/002_Logo_ekipa.webp","0","attachment","image/webp","0"
"281","1","2026-02-03 18:01:41","2026-02-03 18:01:41","","001_Logo_ekipa","","inherit","open","closed","","001_logo_ekipa","","","2026-02-04 01:09:33","2026-02-04 01:09:33","","256","https://sportskoudruzenjenovonaselje.com/wp-content/uploads/2026/02/001_Logo_ekipa.webp","0","attachment","image/webp","0"
"282","1","2026-02-04 01:10:35","2026-02-04 01:10:35","","009_Logo_ekipa","","inherit","open","closed","","009_logo_ekipa","","","2026-02-04 01:10:45","2026-02-04 01:10:45","","242","https://sportskoudruzenjenovonaselje.com/wp-content/uploads/2026/02/009_Logo_ekipa.jpg","0","attachment","image/jpeg","0"
"283","1","2026-02-04 13:14:26","2026-02-04 13:14:26","","image00120","","inherit","open","closed","","image00120","","","2026-02-04 13:14:26","2026-02-04 13:14:26","","238","https://sportskoudruzenjenovonaselje.com/wp-content/uploads/2026/02/image00120.jpeg","0","attachment","image/jpeg","0"
"284","1","2026-02-04 19:04:18","2026-02-04 19:04:18","","sponzor_02","","inherit","open","closed","","sponzor_02","","","2026-02-04 19:04:18","2026-02-04 19:04:18","","0","https://sportskoudruzenjenovonaselje.com/wp-content/uploads/2026/02/sponzor_02.jpg","0","attachment","image/jpeg","0"
"285","1","2026-02-04 19:04:41","2026-02-04 19:04:41","","sponzor_01","","inherit","open","closed","","sponzor_01","","","2026-02-04 19:04:41","2026-02-04 19:04:41","","0","https://sportskoudruzenjenovonaselje.com/wp-content/uploads/2026/02/sponzor_01.jpg","0","attachment","image/jpeg","0"
"286","1","2026-02-04 19:04:55","2026-02-04 19:04:55","","sponzor_03","","inherit","open","closed","","sponzor_03","","","2026-02-04 19:04:55","2026-02-04 19:04:55","","0","https://sportskoudruzenjenovonaselje.com/wp-content/uploads/2026/02/sponzor_03.jpg","0","attachment","image/jpeg","0"
"291","1","2026-02-08 17:22:39","2026-02-08 17:22:39","","WhatsApp Image 2026-02-08 at 18.21.53 (2)","","inherit","open","closed","","whatsapp-image-2026-02-08-at-18-21-53-2","","","2026-02-08 17:22:39","2026-02-08 17:22:39","","239","https://sportskoudruzenjenovonaselje.com/wp-content/uploads/2026/02/WhatsApp-Image-2026-02-08-at-18.21.53-2.jpeg","0","attachment","image/jpeg","0"
"292","1","2026-02-08 17:23:00","2026-02-08 17:23:00","","WhatsApp Image 2026-02-08 at 18.21.53 (1)","","inherit","open","closed","","whatsapp-image-2026-02-08-at-18-21-53-1","","","2026-02-08 17:23:00","2026-02-08 17:23:00","","239","https://sportskoudruzenjenovonaselje.com/wp-content/uploads/2026/02/WhatsApp-Image-2026-02-08-at-18.21.53-1.jpeg","0","attachment","image/jpeg","0"
"293","1","2026-02-08 17:23:16","2026-02-08 17:23:16","","WhatsApp Image 2026-02-08 at 18.21.53","","inherit","open","closed","","whatsapp-image-2026-02-08-at-18-21-53","","","2026-02-08 17:23:16","2026-02-08 17:23:16","","239","https://sportskoudruzenjenovonaselje.com/wp-content/uploads/2026/02/WhatsApp-Image-2026-02-08-at-18.21.53.jpeg","0","attachment","image/jpeg","0"
"294","1","2026-02-08 17:24:42","2026-02-08 17:24:42","","WhatsApp Image 2026-02-08 at 18.24.08","","inherit","open","closed","","whatsapp-image-2026-02-08-at-18-24-08","","","2026-02-08 17:24:42","2026-02-08 17:24:42","","247","https://sportskoudruzenjenovonaselje.com/wp-content/uploads/2026/02/WhatsApp-Image-2026-02-08-at-18.24.08.jpeg","0","attachment","image/jpeg","0"
"295","1","2026-02-08 17:25:07","2026-02-08 17:25:07","","WhatsApp Image 2026-02-08 at 18.24.08 (1)","","inherit","open","closed","","whatsapp-image-2026-02-08-at-18-24-08-1","","","2026-02-08 17:25:07","2026-02-08 17:25:07","","247","https://sportskoudruzenjenovonaselje.com/wp-content/uploads/2026/02/WhatsApp-Image-2026-02-08-at-18.24.08-1.jpeg","0","attachment","image/jpeg","0"
"296","1","2026-02-08 17:25:51","2026-02-08 17:25:51","","WhatsApp Image 2026-02-08 at 18.24.08 (2)","","inherit","open","closed","","whatsapp-image-2026-02-08-at-18-24-08-2","","","2026-02-08 17:25:51","2026-02-08 17:25:51","","247","https://sportskoudruzenjenovonaselje.com/wp-content/uploads/2026/02/WhatsApp-Image-2026-02-08-at-18.24.08-2.jpeg","0","attachment","image/jpeg","0"
"297","1","2026-02-08 17:26:08","2026-02-08 17:26:08","","WhatsApp Image 2026-02-08 at 18.24.09","","inherit","open","closed","","whatsapp-image-2026-02-08-at-18-24-09","","","2026-02-08 17:26:08","2026-02-08 17:26:08","","247","https://sportskoudruzenjenovonaselje.com/wp-content/uploads/2026/02/WhatsApp-Image-2026-02-08-at-18.24.09.jpeg","0","attachment","image/jpeg","0"
"298","1","2026-02-08 17:27:25","2026-02-08 17:27:25","","WhatsApp Image 2026-02-08 at 18.24.09 (2)","","inherit","open","closed","","whatsapp-image-2026-02-08-at-18-24-09-2","","","2026-02-08 17:27:25","2026-02-08 17:27:25","","247","https://sportskoudruzenjenovonaselje.com/wp-content/uploads/2026/02/WhatsApp-Image-2026-02-08-at-18.24.09-2.jpeg","0","attachment","image/jpeg","0"
"299","1","2026-02-08 17:27:33","2026-02-08 17:27:33","","WhatsApp Image 2026-02-08 at 18.24.09 (1)","","inherit","open","closed","","whatsapp-image-2026-02-08-at-18-24-09-1","","","2026-02-08 17:27:33","2026-02-08 17:27:33","","247","https://sportskoudruzenjenovonaselje.com/wp-content/uploads/2026/02/WhatsApp-Image-2026-02-08-at-18.24.09-1.jpeg","0","attachment","image/jpeg","0"
"300","1","2026-02-08 17:27:39","2026-02-08 17:27:39","","WhatsApp Image 2026-02-08 at 18.24.09 (3)","","inherit","open","closed","","whatsapp-image-2026-02-08-at-18-24-09-3","","","2026-02-08 17:27:39","2026-02-08 17:27:39","","247","https://sportskoudruzenjenovonaselje.com/wp-content/uploads/2026/02/WhatsApp-Image-2026-02-08-at-18.24.09-3.jpeg","0","attachment","image/jpeg","0"
"301","1","2026-02-08 17:30:25","2026-02-08 17:30:25","","WhatsApp Image 2026-02-08 at 18.30.05","","inherit","open","closed","","whatsapp-image-2026-02-08-at-18-30-05","","","2026-02-08 17:30:25","2026-02-08 17:30:25","","246","https://sportskoudruzenjenovonaselje.com/wp-content/uploads/2026/02/WhatsApp-Image-2026-02-08-at-18.30.05.jpeg","0","attachment","image/jpeg","0"
"302","1","2026-02-08 17:31:06","2026-02-08 17:31:06","","WhatsApp Image 2026-02-08 at 18.30.05 (1)","","inherit","open","closed","","whatsapp-image-2026-02-08-at-18-30-05-1","","","2026-02-08 17:31:06","2026-02-08 17:31:06","","246","https://sportskoudruzenjenovonaselje.com/wp-content/uploads/2026/02/WhatsApp-Image-2026-02-08-at-18.30.05-1.jpeg","0","attachment","image/jpeg","0"
"303","1","2026-02-08 17:31:42","2026-02-08 17:31:42","","WhatsApp Image 2026-02-08 at 18.30.05 (2)","","inherit","open","closed","","whatsapp-image-2026-02-08-at-18-30-05-2","","","2026-02-08 17:31:42","2026-02-08 17:31:42","","246","https://sportskoudruzenjenovonaselje.com/wp-content/uploads/2026/02/WhatsApp-Image-2026-02-08-at-18.30.05-2.jpeg","0","attachment","image/jpeg","0"
"304","1","2026-02-08 17:32:05","2026-02-08 17:32:05","","WhatsApp Image 2026-02-08 at 18.30.04","","inherit","open","closed","","whatsapp-image-2026-02-08-at-18-30-04","","","2026-02-08 17:32:05","2026-02-08 17:32:05","","246","https://sportskoudruzenjenovonaselje.com/wp-content/uploads/2026/02/WhatsApp-Image-2026-02-08-at-18.30.04.jpeg","0","attachment","image/jpeg","0"
"312","1","2026-02-08 22:57:17","2026-02-08 22:57:17","","WhatsApp Image 2026-02-08 at 18.24.08 (2)","","inherit","open","closed","","whatsapp-image-2026-02-08-at-18-24-08-2-2","","","2026-02-08 22:57:17","2026-02-08 22:57:17","","247","https://sportskoudruzenjenovonaselje.com/wp-content/uploads/2026/02/WhatsApp-Image-2026-02-08-at-18.24.08-2.webp","0","attachment","image/webp","0"
"313","1","2026-02-08 22:57:38","2026-02-08 22:57:38","","WhatsApp Image 2026-02-08 at 18.24.09","","inherit","open","closed","","whatsapp-image-2026-02-08-at-18-24-09-4","","","2026-02-08 22:57:38","2026-02-08 22:57:38","","247","https://sportskoudruzenjenovonaselje.com/wp-content/uploads/2026/02/WhatsApp-Image-2026-02-08-at-18.24.09.webp","0","attachment","image/webp","0"
"314","1","2026-02-08 22:58:18","2026-02-08 22:58:18","","WhatsApp Image 2026-02-08 at 18.24.09 (3)","","inherit","open","closed","","whatsapp-image-2026-02-08-at-18-24-09-3-2","","","2026-02-08 22:58:18","2026-02-08 22:58:18","","247","https://sportskoudruzenjenovonaselje.com/wp-content/uploads/2026/02/WhatsApp-Image-2026-02-08-at-18.24.09-3.webp","0","attachment","image/webp","0"
"315","1","2026-02-08 22:58:32","2026-02-08 22:58:32","","WhatsApp Image 2026-02-08 at 18.24.08","","inherit","open","closed","","whatsapp-image-2026-02-08-at-18-24-08-3","","","2026-02-08 22:58:32","2026-02-08 22:58:32","","247","https://sportskoudruzenjenovonaselje.com/wp-content/uploads/2026/02/WhatsApp-Image-2026-02-08-at-18.24.08.webp","0","attachment","image/webp","0"
"316","1","2026-02-08 22:58:50","2026-02-08 22:58:50","","WhatsApp Image 2026-02-08 at 18.24.08 (1)","","inherit","open","closed","","whatsapp-image-2026-02-08-at-18-24-08-1-2","","","2026-02-08 22:58:50","2026-02-08 22:58:50","","247","https://sportskoudruzenjenovonaselje.com/wp-content/uploads/2026/02/WhatsApp-Image-2026-02-08-at-18.24.08-1.webp","0","attachment","image/webp","0"
"317","1","2026-02-08 22:59:24","2026-02-08 22:59:24","","WhatsApp Image 2026-02-08 at 18.24.09 (2)","","inherit","open","closed","","whatsapp-image-2026-02-08-at-18-24-09-2-2","","","2026-02-08 22:59:24","2026-02-08 22:59:24","","247","https://sportskoudruzenjenovonaselje.com/wp-content/uploads/2026/02/WhatsApp-Image-2026-02-08-at-18.24.09-2.webp","0","attachment","image/webp","0"
"318","1","2026-02-08 23:00:17","2026-02-08 23:00:17","","WhatsApp Image 2026-02-08 at 18.21.53 (2)","","inherit","open","closed","","whatsapp-image-2026-02-08-at-18-21-53-2-2","","","2026-02-08 23:00:17","2026-02-08 23:00:17","","239","https://sportskoudruzenjenovonaselje.com/wp-content/uploads/2026/02/WhatsApp-Image-2026-02-08-at-18.21.53-2.webp","0","attachment","image/webp","0"
"319","1","2026-02-08 23:00:31","2026-02-08 23:00:31","","WhatsApp Image 2026-02-08 at 18.21.53","","inherit","open","closed","","whatsapp-image-2026-02-08-at-18-21-53-3","","","2026-02-08 23:00:31","2026-02-08 23:00:31","","239","https://sportskoudruzenjenovonaselje.com/wp-content/uploads/2026/02/WhatsApp-Image-2026-02-08-at-18.21.53-3.jpeg","0","attachment","image/jpeg","0"
"320","1","2026-02-08 23:00:46","2026-02-08 23:00:46","","WhatsApp Image 2026-02-08 at 18.21.53 (1)","","inherit","open","closed","","whatsapp-image-2026-02-08-at-18-21-53-1-2","","","2026-02-08 23:00:46","2026-02-08 23:00:46","","239","https://sportskoudruzenjenovonaselje.com/wp-content/uploads/2026/02/WhatsApp-Image-2026-02-08-at-18.21.53-1-1.jpeg","0","attachment","image/jpeg","0"
"321","1","2026-02-08 23:01:15","2026-02-08 23:01:15","","WhatsApp Image 2026-02-08 at 18.30.05 (1)","","inherit","open","closed","","whatsapp-image-2026-02-08-at-18-30-05-1-2","","","2026-02-08 23:01:15","2026-02-08 23:01:15","","246","https://sportskoudruzenjenovonaselje.com/wp-content/uploads/2026/02/WhatsApp-Image-2026-02-08-at-18.30.05-1.webp","0","attachment","image/webp","0"
"322","1","2026-02-08 23:01:34","2026-02-08 23:01:34","","WhatsApp Image 2026-02-08 at 18.30.04","","inherit","open","closed","","whatsapp-image-2026-02-08-at-18-30-04-2","","","2026-02-08 23:01:34","2026-02-08 23:01:34","","246","https://sportskoudruzenjenovonaselje.com/wp-content/uploads/2026/02/WhatsApp-Image-2026-02-08-at-18.30.04-1.jpeg","0","attachment","image/jpeg","0"
"323","1","2026-02-08 23:01:54","2026-02-08 23:01:54","","WhatsApp Image 2026-02-08 at 18.30.05 (3)","","inherit","open","closed","","whatsapp-image-2026-02-08-at-18-30-05-3","","","2026-02-08 23:01:54","2026-02-08 23:01:54","","246","https://sportskoudruzenjenovonaselje.com/wp-content/uploads/2026/02/WhatsApp-Image-2026-02-08-at-18.30.05-3.jpeg","0","attachment","image/jpeg","0"
"324","1","2026-02-08 23:02:13","2026-02-08 23:02:13","","WhatsApp Image 2026-02-08 at 18.30.05 (2)","","inherit","open","closed","","whatsapp-image-2026-02-08-at-18-30-05-2-2","","","2026-02-08 23:02:13","2026-02-08 23:02:13","","246","https://sportskoudruzenjenovonaselje.com/wp-content/uploads/2026/02/WhatsApp-Image-2026-02-08-at-18.30.05-2.webp","0","attachment","image/webp","0"
"325","1","2026-02-08 23:09:30","2026-02-08 23:09:30","","image00110","","inherit","open","closed","","image00110","","","2026-02-08 23:09:30","2026-02-08 23:09:30","","237","https://sportskoudruzenjenovonaselje.com/wp-content/uploads/2026/02/image00110.jpeg","0","attachment","image/jpeg","0"
"326","1","2026-02-08 23:09:50","2026-02-08 23:09:50","","image00107","","inherit","open","closed","","image00107-2","","","2026-02-08 23:09:50","2026-02-08 23:09:50","","237","https://sportskoudruzenjenovonaselje.com/wp-content/uploads/2026/02/image00107.jpeg","0","attachment","image/jpeg","0"
"327","1","2026-02-08 23:10:12","2026-02-08 23:10:12","","image00111","","inherit","open","closed","","image00111","","","2026-02-08 23:10:12","2026-02-08 23:10:12","","237","https://sportskoudruzenjenovonaselje.com/wp-content/uploads/2026/02/image00111.jpeg","0","attachment","image/jpeg","0"
"328","1","2026-02-08 23:10:32","2026-02-08 23:10:32","","image00108","","inherit","open","closed","","image00108","","","2026-02-08 23:10:32","2026-02-08 23:10:32","","237","https://sportskoudruzenjenovonaselje.com/wp-content/uploads/2026/02/image00108.jpeg","0","attachment","image/jpeg","0"
"329","1","2026-02-08 23:11:09","2026-02-08 23:11:09","","image00109","","inherit","open","closed","","image00109-2","","","2026-02-08 23:11:09","2026-02-08 23:11:09","","237","https://sportskoudruzenjenovonaselje.com/wp-content/uploads/2026/02/image00109.jpeg","0","attachment","image/jpeg","0"
"330","1","2026-02-08 23:16:43","2026-02-08 23:16:43","","image00013","","inherit","open","closed","","image00013","","","2026-02-08 23:16:43","2026-02-08 23:16:43","","253","https://sportskoudruzenjenovonaselje.com/wp-content/uploads/2026/02/image00013.jpeg","0","attachment","image/jpeg","0"
"331","1","2026-02-08 23:16:57","2026-02-08 23:16:57","","image00003","","inherit","open","closed","","image00003","","","2026-02-08 23:16:57","2026-02-08 23:16:57","","253","https://sportskoudruzenjenovonaselje.com/wp-content/uploads/2026/02/image00003.jpeg","0","attachment","image/jpeg","0"
"332","1","2026-02-08 23:17:02","2026-02-08 23:17:02","","image00004","","inherit","open","closed","","image00004","","","2026-02-08 23:17:02","2026-02-08 23:17:02","","253","https://sportskoudruzenjenovonaselje.com/wp-content/uploads/2026/02/image00004.jpeg","0","attachment","image/jpeg","0"
"333","1","2026-02-08 23:17:06","2026-02-08 23:17:06","","image00005","","inherit","open","closed","","image00005","","","2026-02-08 23:17:06","2026-02-08 23:17:06","","253","https://sportskoudruzenjenovonaselje.com/wp-content/uploads/2026/02/image00005.jpeg","0","attachment","image/jpeg","0"
"334","1","2026-02-08 23:17:11","2026-02-08 23:17:11","","image00008","","inherit","open","closed","","image00008","","","2026-02-08 23:17:11","2026-02-08 23:17:11","","253","https://sportskoudruzenjenovonaselje.com/wp-content/uploads/2026/02/image00008.jpeg","0","attachment","image/jpeg","0"
"335","1","2026-02-08 23:17:15","2026-02-08 23:17:15","","image00010","","inherit","open","closed","","image00010","","","2026-02-08 23:17:15","2026-02-08 23:17:15","","253","https://sportskoudruzenjenovonaselje.com/wp-content/uploads/2026/02/image00010.jpeg","0","attachment","image/jpeg","0"
"336","1","2026-02-08 23:17:19","2026-02-08 23:17:19","","image00011","","inherit","open","closed","","image00011","","","2026-02-08 23:17:19","2026-02-08 23:17:19","","253","https://sportskoudruzenjenovonaselje.com/wp-content/uploads/2026/02/image00011.jpeg","0","attachment","image/jpeg","0"
"337","1","2026-02-08 23:17:23","2026-02-08 23:17:23","","image00013","","inherit","open","closed","","image00013-2","","","2026-02-08 23:17:23","2026-02-08 23:17:23","","253","https://sportskoudruzenjenovonaselje.com/wp-content/uploads/2026/02/image00013-1.jpeg","0","attachment","image/jpeg","0"
"338","1","2026-02-09 17:10:48","2026-02-09 17:10:48","","image00106","","inherit","open","closed","","image00106-3","","","2026-02-09 17:10:48","2026-02-09 17:10:48","","242","https://sportskoudruzenjenovonaselje.com/wp-content/uploads/2026/02/image00106.jpeg","0","attachment","image/jpeg","0"
"339","1","2026-02-09 17:11:22","2026-02-09 17:11:22","","image00103","","inherit","open","closed","","image00103-2","","","2026-02-09 17:11:22","2026-02-09 17:11:22","","242","https://sportskoudruzenjenovonaselje.com/wp-content/uploads/2026/02/image00103.jpeg","0","attachment","image/jpeg","0"
"340","1","2026-02-09 17:11:50","2026-02-09 17:11:50","","image00103","","inherit","open","closed","","image00103-3","","","2026-02-09 17:11:50","2026-02-09 17:11:50","","242","https://sportskoudruzenjenovonaselje.com/wp-content/uploads/2026/02/image00103-1.jpeg","0","attachment","image/jpeg","0"
"341","1","2026-02-09 17:18:53","2026-02-09 17:18:53","","1-IMG_9833","","inherit","open","closed","","1-img_9833","","","2026-02-09 17:18:53","2026-02-09 17:18:53","","257","https://sportskoudruzenjenovonaselje.com/wp-content/uploads/2026/02/1-IMG_9833.webp","0","attachment","image/webp","0"
"342","1","2026-02-09 17:18:58","2026-02-09 17:18:58","","64-IMG_9826","","inherit","open","closed","","64-img_9826","","","2026-02-09 17:18:58","2026-02-09 17:18:58","","257","https://sportskoudruzenjenovonaselje.com/wp-content/uploads/2026/02/64-IMG_9826.webp","0","attachment","image/webp","0"
"343","1","2026-02-09 17:19:04","2026-02-09 17:19:04","","63-IMG_9827","","inherit","open","closed","","63-img_9827","","","2026-02-09 17:19:04","2026-02-09 17:19:04","","257","https://sportskoudruzenjenovonaselje.com/wp-content/uploads/2026/02/63-IMG_9827.webp","0","attachment","image/webp","0"
"344","1","2026-02-09 17:19:09","2026-02-09 17:19:09","","62-IMG_9828","","inherit","open","closed","","62-img_9828","","","2026-02-09 17:19:09","2026-02-09 17:19:09","","257","https://sportskoudruzenjenovonaselje.com/wp-content/uploads/2026/02/62-IMG_9828.webp","0","attachment","image/webp","0"
"345","1","2026-02-09 17:19:15","2026-02-09 17:19:15","","61-IMG_9829","","inherit","open","closed","","61-img_9829","","","2026-02-09 17:19:15","2026-02-09 17:19:15","","257","https://sportskoudruzenjenovonaselje.com/wp-content/uploads/2026/02/61-IMG_9829.webp","0","attachment","image/webp","0"
"346","1","2026-02-09 17:19:20","2026-02-09 17:19:20","","2-IMG_9832","","inherit","open","closed","","2-img_9832","","","2026-02-09 17:19:20","2026-02-09 17:19:20","","257","https://sportskoudruzenjenovonaselje.com/wp-content/uploads/2026/02/2-IMG_9832.webp","0","attachment","image/webp","0"
"347","1","2026-02-09 17:21:21","2026-02-09 17:21:21","","1-IMG_9833","","inherit","open","closed","","1-img_9833-2","","","2026-02-09 17:21:21","2026-02-09 17:21:21","","257","https://sportskoudruzenjenovonaselje.com/wp-content/uploads/2026/02/1-IMG_9833-1.webp","0","attachment","image/webp","0"
"348","1","2026-02-09 17:21:28","2026-02-09 17:21:28","","2-IMG_9832","","inherit","open","closed","","2-img_9832-2","","","2026-02-09 17:21:28","2026-02-09 17:21:28","","257","https://sportskoudruzenjenovonaselje.com/wp-content/uploads/2026/02/2-IMG_9832-1.webp","0","attachment","image/webp","0"
"349","1","2026-02-09 17:21:34","2026-02-09 17:21:34","","60-IMG_9830","","inherit","open","closed","","60-img_9830","","","2026-02-09 17:21:34","2026-02-09 17:21:34","","257","https://sportskoudruzenjenovonaselje.com/wp-content/uploads/2026/02/60-IMG_9830.webp","0","attachment","image/webp","0"
"350","1","2026-02-09 17:56:35","2026-02-09 17:56:35","","image00107 (1)","","inherit","open","closed","","image00107-1","","","2026-02-09 17:56:35","2026-02-09 17:56:35","","242","https://sportskoudruzenjenovonaselje.com/wp-content/uploads/2026/02/image00107-1.jpeg","0","attachment","image/jpeg","0"
"352","1","2026-02-09 18:18:52","2026-02-09 18:18:52","","image00015","","inherit","open","closed","","image00015","","","2026-02-09 18:18:52","2026-02-09 18:18:52","","234","https://sportskoudruzenjenovonaselje.com/wp-content/uploads/2026/02/image00015.jpeg","0","attachment","image/jpeg","0"
"353","1","2026-02-09 18:18:53","2026-02-09 18:18:53","","image00014","","inherit","open","closed","","image00014","","","2026-02-09 18:18:53","2026-02-09 18:18:53","","234","https://sportskoudruzenjenovonaselje.com/wp-content/uploads/2026/02/image00014.jpeg","0","attachment","image/jpeg","0"
"354","1","2026-02-09 18:18:54","2026-02-09 18:18:54","","image00012","","inherit","open","closed","","image00012","","","2026-02-09 18:18:54","2026-02-09 18:18:54","","234","https://sportskoudruzenjenovonaselje.com/wp-content/uploads/2026/02/image00012.jpeg","0","attachment","image/jpeg","0"
"355","1","2026-02-09 18:18:55","2026-02-09 18:18:55","","image00013","","inherit","open","closed","","image00013-3","","","2026-02-09 18:18:55","2026-02-09 18:18:55","","234","https://sportskoudruzenjenovonaselje.com/wp-content/uploads/2026/02/image00013-2.jpeg","0","attachment","image/jpeg","0"
"356","1","2026-02-09 18:18:57","2026-02-09 18:18:57","","image00006","","inherit","open","closed","","image00006","","","2026-02-09 18:18:57","2026-02-09 18:18:57","","234","https://sportskoudruzenjenovonaselje.com/wp-content/uploads/2026/02/image00006.jpeg","0","attachment","image/jpeg","0"
"357","1","2026-02-09 18:18:58","2026-02-09 18:18:58","","image00004","","inherit","open","closed","","image00004-2","","","2026-02-09 18:18:58","2026-02-09 18:18:58","","234","https://sportskoudruzenjenovonaselje.com/wp-content/uploads/2026/02/image00004-1.jpeg","0","attachment","image/jpeg","0"
"358","1","2026-02-09 18:18:58","2026-02-09 18:18:58","","image00017","","inherit","open","closed","","image00017","","","2026-02-09 18:18:58","2026-02-09 18:18:58","","234","https://sportskoudruzenjenovonaselje.com/wp-content/uploads/2026/02/image00017.jpeg","0","attachment","image/jpeg","0"
"360","1","2026-02-09 18:31:39","2026-02-09 18:31:39","","image00106","","inherit","open","closed","","image00106-4","","","2026-02-09 18:31:39","2026-02-09 18:31:39","","233","https://sportskoudruzenjenovonaselje.com/wp-content/uploads/2026/02/image00106-1.jpeg","0","attachment","image/jpeg","0"
"361","1","2026-02-09 18:31:43","2026-02-09 18:31:43","","image00105","","inherit","open","closed","","image00105-2","","","2026-02-09 18:31:43","2026-02-09 18:31:43","","233","https://sportskoudruzenjenovonaselje.com/wp-content/uploads/2026/02/image00105.jpeg","0","attachment","image/jpeg","0"
"362","1","2026-02-09 18:31:48","2026-02-09 18:31:48","","image00104","","inherit","open","closed","","image00104","","","2026-02-09 18:31:48","2026-02-09 18:31:48","","233","https://sportskoudruzenjenovonaselje.com/wp-content/uploads/2026/02/image00104.jpeg","0","attachment","image/jpeg","0"
"363","1","2026-02-09 18:31:53","2026-02-09 18:31:53","","image00103","","inherit","open","closed","","image00103-4","","","2026-02-09 18:31:53","2026-02-09 18:31:53","","233","https://sportskoudruzenjenovonaselje.com/wp-content/uploads/2026/02/image00103-2.jpeg","0","attachment","image/jpeg","0"
"364","1","2026-02-09 18:31:59","2026-02-09 18:31:59","","image00102","","inherit","open","closed","","image00102","","","2026-02-09 18:31:59","2026-02-09 18:31:59","","233","https://sportskoudruzenjenovonaselje.com/wp-content/uploads/2026/02/image00102.jpeg","0","attachment","image/jpeg","0"
"365","1","2026-02-09 18:32:03","2026-02-09 18:32:03","","image00101","","inherit","open","closed","","image00101","","","2026-02-09 18:32:03","2026-02-09 18:32:03","","233","https://sportskoudruzenjenovonaselje.com/wp-content/uploads/2026/02/image00101.jpeg","0","attachment","image/jpeg","0"
"366","1","2026-02-09 18:32:08","2026-02-09 18:32:08","","image00100","","inherit","open","closed","","image00100","","","2026-02-09 18:32:08","2026-02-09 18:32:08","","233","https://sportskoudruzenjenovonaselje.com/wp-content/uploads/2026/02/image00100.jpeg","0","attachment","image/jpeg","0"
"367","1","2026-02-09 18:32:12","2026-02-09 18:32:12","","image00099","","inherit","open","closed","","image00099","","","2026-02-09 18:32:12","2026-02-09 18:32:12","","233","https://sportskoudruzenjenovonaselje.com/wp-content/uploads/2026/02/image00099.jpeg","0","attachment","image/jpeg","0"
"368","1","2026-02-09 18:32:16","2026-02-09 18:32:16","","image00011_1","","inherit","open","closed","","image00011_1","","","2026-02-09 18:32:16","2026-02-09 18:32:16","","233","https://sportskoudruzenjenovonaselje.com/wp-content/uploads/2026/02/image00011_1.jpeg","0","attachment","image/jpeg","0"
"369","1","2026-02-09 18:32:21","2026-02-09 18:32:21","","image00010","","inherit","open","closed","","image00010-2","","","2026-02-09 18:32:21","2026-02-09 18:32:21","","233","https://sportskoudruzenjenovonaselje.com/wp-content/uploads/2026/02/image00010-1.jpeg","0","attachment","image/jpeg","0"
"370","1","2026-02-09 18:32:26","2026-02-09 18:32:26","","image00008","","inherit","open","closed","","image00008-2","","","2026-02-09 18:32:26","2026-02-09 18:32:26","","233","https://sportskoudruzenjenovonaselje.com/wp-content/uploads/2026/02/image00008-1.jpeg","0","attachment","image/jpeg","0"
"371","1","2026-02-09 18:32:31","2026-02-09 18:32:31","","image00004_1","","inherit","open","closed","","image00004_1","","","2026-02-09 18:32:31","2026-02-09 18:32:31","","233","https://sportskoudruzenjenovonaselje.com/wp-content/uploads/2026/02/image00004_1.jpeg","0","attachment","image/jpeg","0"
"372","1","2026-02-09 18:32:36","2026-02-09 18:32:36","","image00005_1","","inherit","open","closed","","image00005_1","","","2026-02-09 18:32:36","2026-02-09 18:32:36","","233","https://sportskoudruzenjenovonaselje.com/wp-content/uploads/2026/02/image00005_1.jpeg","0","attachment","image/jpeg","0"
"373","1","2026-02-09 18:32:41","2026-02-09 18:32:41","","image00003_1","","inherit","open","closed","","image00003_1","","","2026-02-09 18:32:41","2026-02-09 18:32:41","","233","https://sportskoudruzenjenovonaselje.com/wp-content/uploads/2026/02/image00003_1.jpeg","0","attachment","image/jpeg","0"
"374","1","2026-02-09 18:32:45","2026-02-09 18:32:45","","image00011","","inherit","open","closed","","image00011-2","","","2026-02-09 18:32:45","2026-02-09 18:32:45","","233","https://sportskoudruzenjenovonaselje.com/wp-content/uploads/2026/02/image00011-1.jpeg","0","attachment","image/jpeg","0"
"375","1","2026-02-09 18:32:47","2026-02-09 18:32:47","","image00009","","inherit","open","closed","","image00009","","","2026-02-09 18:32:47","2026-02-09 18:32:47","","233","https://sportskoudruzenjenovonaselje.com/wp-content/uploads/2026/02/image00009.jpeg","0","attachment","image/jpeg","0"
"376","1","2026-02-09 18:32:49","2026-02-09 18:32:49","","image00005","","inherit","open","closed","","image00005-2","","","2026-02-09 18:32:49","2026-02-09 18:32:49","","233","https://sportskoudruzenjenovonaselje.com/wp-content/uploads/2026/02/image00005-1.jpeg","0","attachment","image/jpeg","0"
"377","1","2026-02-09 18:32:50","2026-02-09 18:32:50","","image00003","","inherit","open","closed","","image00003-2","","","2026-02-09 18:32:50","2026-02-09 18:32:50","","233","https://sportskoudruzenjenovonaselje.com/wp-content/uploads/2026/02/image00003-1.jpeg","0","attachment","image/jpeg","0"
"378","1","2026-02-09 18:32:52","2026-02-09 18:32:52","","image00002","","inherit","open","closed","","image00002","","","2026-02-09 18:32:52","2026-02-09 18:32:52","","233","https://sportskoudruzenjenovonaselje.com/wp-content/uploads/2026/02/image00002.jpeg","0","attachment","image/jpeg","0"
"379","1","2026-02-09 18:32:53","2026-02-09 18:32:53","","image00001","","inherit","open","closed","","image00001","","","2026-02-09 18:32:53","2026-02-09 18:32:53","","233","https://sportskoudruzenjenovonaselje.com/wp-content/uploads/2026/02/image00001.jpeg","0","attachment","image/jpeg","0"
"380","1","2026-02-09 18:32:54","2026-02-09 18:32:54","","image00123","","inherit","open","closed","","image00123","","","2026-02-09 18:32:54","2026-02-09 18:32:54","","233","https://sportskoudruzenjenovonaselje.com/wp-content/uploads/2026/02/image00123.jpeg","0","attachment","image/jpeg","0"
"381","1","2026-02-09 18:32:56","2026-02-09 18:32:56","","image00122","","inherit","open","closed","","image00122","","","2026-02-09 18:32:56","2026-02-09 18:32:56","","233","https://sportskoudruzenjenovonaselje.com/wp-content/uploads/2026/02/image00122.jpeg","0","attachment","image/jpeg","0"
"382","1","2026-02-09 18:32:57","2026-02-09 18:32:57","","image00120","","inherit","open","closed","","image00120-2","","","2026-02-09 18:32:57","2026-02-09 18:32:57","","233","https://sportskoudruzenjenovonaselje.com/wp-content/uploads/2026/02/image00120-1.jpeg","0","attachment","image/jpeg","0"
"383","1","2026-02-09 18:32:58","2026-02-09 18:32:58","","image00118","","inherit","open","closed","","image00118","","","2026-02-09 18:32:58","2026-02-09 18:32:58","","233","https://sportskoudruzenjenovonaselje.com/wp-content/uploads/2026/02/image00118.jpeg","0","attachment","image/jpeg","0"
"384","1","2026-02-09 18:32:59","2026-02-09 18:32:59","","image00115","","inherit","open","closed","","image00115","","","2026-02-09 18:32:59","2026-02-09 18:32:59","","233","https://sportskoudruzenjenovonaselje.com/wp-content/uploads/2026/02/image00115.jpeg","0","attachment","image/jpeg","0"
"385","1","2026-02-09 18:33:00","2026-02-09 18:33:00","","image00116","","inherit","open","closed","","image00116","","","2026-02-09 18:33:00","2026-02-09 18:33:00","","233","https://sportskoudruzenjenovonaselje.com/wp-content/uploads/2026/02/image00116.jpeg","0","attachment","image/jpeg","0"
"386","1","2026-02-09 18:33:01","2026-02-09 18:33:01","","image00114","","inherit","open","closed","","image00114","","","2026-02-09 18:33:01","2026-02-09 18:33:01","","233","https://sportskoudruzenjenovonaselje.com/wp-content/uploads/2026/02/image00114.jpeg","0","attachment","image/jpeg","0"
"387","1","2026-02-09 19:15:52","2026-02-09 19:15:52","","71-IMG_0033","","inherit","open","closed","","71-img_0033","","","2026-02-09 19:15:52","2026-02-09 19:15:52","","252","https://sportskoudruzenjenovonaselje.com/wp-content/uploads/2026/02/71-IMG_0033.jpg","0","attachment","image/jpeg","0"
"388","1","2026-02-09 19:15:54","2026-02-09 19:15:54","","70-IMG_0034","","inherit","open","closed","","70-img_0034","","","2026-02-09 19:15:54","2026-02-09 19:15:54","","252","https://sportskoudruzenjenovonaselje.com/wp-content/uploads/2026/02/70-IMG_0034.jpg","0","attachment","image/jpeg","0"
"389","1","2026-02-09 19:15:55","2026-02-09 19:15:55","","69-IMG_0035","","inherit","open","closed","","69-img_0035","","","2026-02-09 19:15:55","2026-02-09 19:15:55","","252","https://sportskoudruzenjenovonaselje.com/wp-content/uploads/2026/02/69-IMG_0035.jpg","0","attachment","image/jpeg","0"
"390","1","2026-02-09 19:15:56","2026-02-09 19:15:56","","68-IMG_0036","","inherit","open","closed","","68-img_0036","","","2026-02-09 19:15:56","2026-02-09 19:15:56","","252","https://sportskoudruzenjenovonaselje.com/wp-content/uploads/2026/02/68-IMG_0036.jpg","0","attachment","image/jpeg","0"
"391","1","2026-02-09 19:15:57","2026-02-09 19:15:57","","66-IMG_0038","","inherit","open","closed","","66-img_0038","","","2026-02-09 19:15:57","2026-02-09 19:15:57","","252","https://sportskoudruzenjenovonaselje.com/wp-content/uploads/2026/02/66-IMG_0038.jpg","0","attachment","image/jpeg","0"
"392","1","2026-02-09 19:15:58","2026-02-09 19:15:58","","65-IMG_0039","","inherit","open","closed","","65-img_0039","","","2026-02-09 19:15:58","2026-02-09 19:15:58","","252","https://sportskoudruzenjenovonaselje.com/wp-content/uploads/2026/02/65-IMG_0039.jpg","0","attachment","image/jpeg","0"
"393","1","2026-02-09 19:15:59","2026-02-09 19:15:59","","64-IMG_0040","","inherit","open","closed","","64-img_0040","","","2026-02-09 19:15:59","2026-02-09 19:15:59","","252","https://sportskoudruzenjenovonaselje.com/wp-content/uploads/2026/02/64-IMG_0040.jpg","0","attachment","image/jpeg","0"
"394","1","2026-02-09 19:16:00","2026-02-09 19:16:00","","image00006_1","","inherit","open","closed","","image00006_1","","","2026-02-09 19:16:00","2026-02-09 19:16:00","","252","https://sportskoudruzenjenovonaselje.com/wp-content/uploads/2026/02/image00006_1.jpeg","0","attachment","image/jpeg","0"
"395","1","2026-02-09 19:16:05","2026-02-09 19:16:05","","image00007_1","","inherit","open","closed","","image00007_1","","","2026-02-09 19:16:05","2026-02-09 19:16:05","","252","https://sportskoudruzenjenovonaselje.com/wp-content/uploads/2026/02/image00007_1.jpeg","0","attachment","image/jpeg","0"
"396","1","2026-02-09 19:16:10","2026-02-09 19:16:10","","image00005_1 (1)","","inherit","open","closed","","image00005_1-1","","","2026-02-09 19:16:10","2026-02-09 19:16:10","","252","https://sportskoudruzenjenovonaselje.com/wp-content/uploads/2026/02/image00005_1-1.jpeg","0","attachment","image/jpeg","0"
"397","1","2026-02-09 19:16:14","2026-02-09 19:16:14","","image00004_1 (1)","","inherit","open","closed","","image00004_1-1","","","2026-02-09 19:16:14","2026-02-09 19:16:14","","252","https://sportskoudruzenjenovonaselje.com/wp-content/uploads/2026/02/image00004_1-1.jpeg","0","attachment","image/jpeg","0"
"398","1","2026-02-09 19:16:19","2026-02-09 19:16:19","","image00003_1 (1)","","inherit","open","closed","","image00003_1-1","","","2026-02-09 19:16:19","2026-02-09 19:16:19","","252","https://sportskoudruzenjenovonaselje.com/wp-content/uploads/2026/02/image00003_1-1.jpeg","0","attachment","image/jpeg","0"
"399","1","2026-02-09 19:16:23","2026-02-09 19:16:23","","image00001_1","","inherit","open","closed","","image00001_1","","","2026-02-09 19:16:23","2026-02-09 19:16:23","","252","https://sportskoudruzenjenovonaselje.com/wp-content/uploads/2026/02/image00001_1.jpeg","0","attachment","image/jpeg","0"
"400","1","2026-02-09 19:16:27","2026-02-09 19:16:27","","image00002_1","","inherit","open","closed","","image00002_1","","","2026-02-09 19:16:27","2026-02-09 19:16:27","","252","https://sportskoudruzenjenovonaselje.com/wp-content/uploads/2026/02/image00002_1.jpeg","0","attachment","image/jpeg","0"
"401","1","2026-02-09 19:16:31","2026-02-09 19:16:31","","image00016_1","","inherit","open","closed","","image00016_1","","","2026-02-09 19:16:31","2026-02-09 19:16:31","","252","https://sportskoudruzenjenovonaselje.com/wp-content/uploads/2026/02/image00016_1.jpeg","0","attachment","image/jpeg","0"
"402","1","2026-02-09 19:16:32","2026-02-09 19:16:32","","image00014_1","","inherit","open","closed","","image00014_1","","","2026-02-09 19:16:32","2026-02-09 19:16:32","","252","https://sportskoudruzenjenovonaselje.com/wp-content/uploads/2026/02/image00014_1.jpeg","0","attachment","image/jpeg","0"
"403","1","2026-02-09 19:16:33","2026-02-09 19:16:33","","image00015_1","","inherit","open","closed","","image00015_1","","","2026-02-09 19:16:33","2026-02-09 19:16:33","","252","https://sportskoudruzenjenovonaselje.com/wp-content/uploads/2026/02/image00015_1.jpeg","0","attachment","image/jpeg","0"
"404","1","2026-02-09 19:16:34","2026-02-09 19:16:34","","image00013_1","","inherit","open","closed","","image00013_1","","","2026-02-09 19:16:34","2026-02-09 19:16:34","","252","https://sportskoudruzenjenovonaselje.com/wp-content/uploads/2026/02/image00013_1.jpeg","0","attachment","image/jpeg","0"
"405","1","2026-02-09 19:16:35","2026-02-09 19:16:35","","image00012_1","","inherit","open","closed","","image00012_1","","","2026-02-09 19:16:35","2026-02-09 19:16:35","","252","https://sportskoudruzenjenovonaselje.com/wp-content/uploads/2026/02/image00012_1.jpeg","0","attachment","image/jpeg","0"
"406","1","2026-02-09 19:16:36","2026-02-09 19:16:36","","image00011_1 (1)","","inherit","open","closed","","image00011_1-1","","","2026-02-09 19:16:36","2026-02-09 19:16:36","","252","https://sportskoudruzenjenovonaselje.com/wp-content/uploads/2026/02/image00011_1-1.jpeg","0","attachment","image/jpeg","0"
"407","1","2026-02-09 19:16:37","2026-02-09 19:16:37","","image00010_1","","inherit","open","closed","","image00010_1","","","2026-02-09 19:16:37","2026-02-09 19:16:37","","252","https://sportskoudruzenjenovonaselje.com/wp-content/uploads/2026/02/image00010_1.jpeg","0","attachment","image/jpeg","0"
"408","1","2026-02-09 19:17:10","2026-02-09 19:17:10","","67-IMG_0037","","inherit","open","closed","","67-img_0037","","","2026-02-09 19:17:10","2026-02-09 19:17:10","","252","https://sportskoudruzenjenovonaselje.com/wp-content/uploads/2026/02/67-IMG_0037.jpg","0","attachment","image/jpeg","0"
"409","1","2026-02-09 19:35:45","2026-02-09 19:35:45","","image00104 (1)","","inherit","open","closed","","image00104-1","","","2026-02-09 19:35:45","2026-02-09 19:35:45","","242","https://sportskoudruzenjenovonaselje.com/wp-content/uploads/2026/02/image00104-1.jpeg","0","attachment","image/jpeg","0"
"410","1","2026-02-09 19:35:49","2026-02-09 19:35:49","","image00105 (1)","","inherit","open","closed","","image00105-1","","","2026-02-09 19:35:49","2026-02-09 19:35:49","","242","https://sportskoudruzenjenovonaselje.com/wp-content/uploads/2026/02/image00105-1.jpeg","0","attachment","image/jpeg","0"
"411","1","2026-02-09 19:35:53","2026-02-09 19:35:53","","image00109","","inherit","open","closed","","image00109-3","","","2026-02-09 19:35:53","2026-02-09 19:35:53","","242","https://sportskoudruzenjenovonaselje.com/wp-content/uploads/2026/02/image00109-1.jpeg","0","attachment","image/jpeg","0"
"412","1","2026-02-09 19:35:57","2026-02-09 19:35:57","","image00108","","inherit","open","closed","","image00108-2","","","2026-02-09 19:35:57","2026-02-09 19:35:57","","242","https://sportskoudruzenjenovonaselje.com/wp-content/uploads/2026/02/image00108-1.jpeg","0","attachment","image/jpeg","0"
"413","1","2026-02-09 20:22:14","2026-02-09 20:22:14","","Logo 18_1","","inherit","open","closed","","logo-18_1","","","2026-02-09 20:22:28","2026-02-09 20:22:28","","245","https://sportskoudruzenjenovonaselje.com/wp-content/uploads/2026/02/Logo-18_1.webp","0","attachment","image/webp","0"
"415","1","2026-02-09 20:23:16","2026-02-09 20:23:16","","Di Petrol Logo","","inherit","open","closed","","di-petrol-logo","","","2026-02-09 20:23:20","2026-02-09 20:23:20","","249","https://sportskoudruzenjenovonaselje.com/wp-content/uploads/2026/02/Di-Petrol-Logo.webp","0","attachment","image/webp","0"
"416","1","2026-02-09 20:24:02","2026-02-09 20:24:02","","Don Carlos Loznica logo","","inherit","open","closed","","don-carlos-loznica-logo","","","2026-02-09 20:24:06","2026-02-09 20:24:06","","233","https://sportskoudruzenjenovonaselje.com/wp-content/uploads/2026/02/Don-Carlos-Loznica-logo.webp","0","attachment","image/webp","0"
"417","1","2026-02-09 20:24:34","2026-02-09 20:24:34","","FK Asvel Logo","","inherit","open","closed","","fk-asvel-logo","","","2026-02-09 20:24:37","2026-02-09 20:24:37","","237","https://sportskoudruzenjenovonaselje.com/wp-content/uploads/2026/02/FK-Asvel-Logo.webp","0","attachment","image/webp","0"
"418","1","2026-02-09 20:25:00","2026-02-09 20:25:00","","Stala logo","","inherit","open","closed","","stala-logo","","","2026-02-09 20:25:05","2026-02-09 20:25:05","","234","https://sportskoudruzenjenovonaselje.com/wp-content/uploads/2026/02/Stala-logo.webp","0","attachment","image/webp","0"
"419","1","2026-02-09 20:25:32","2026-02-09 20:25:32","","PG Bajac Gospodjinci","","inherit","open","closed","","pg-bajac-gospodjinci","","","2026-02-09 20:25:46","2026-02-09 20:25:46","","235","https://sportskoudruzenjenovonaselje.com/wp-content/uploads/2026/02/PG-Bajac-Gospodjinci.webp","0","attachment","image/webp","0"
"420","1","2026-02-09 20:26:30","2026-02-09 20:26:30","","DP Mia i Hana Logo","","inherit","open","closed","","dp-mia-i-hana-logo","","","2026-02-09 20:26:32","2026-02-09 20:26:32","","247","https://sportskoudruzenjenovonaselje.com/wp-content/uploads/2026/02/DP-Mia-i-Hana-Logo.webp","0","attachment","image/webp","0"
"421","1","2026-02-09 20:27:50","2026-02-09 20:27:50","https://sportskoudruzenjenovonaselje.com/wp-content/uploads/2026/02/cropped-logo_udruzenje.jpg","cropped-logo_udruzenje.jpg","","inherit","open","closed","","cropped-logo_udruzenje-jpg","","","2026-02-09 20:27:50","2026-02-09 20:27:50","","193","https://sportskoudruzenjenovonaselje.com/wp-content/uploads/2026/02/cropped-logo_udruzenje.jpg","0","attachment","image/jpeg","0"
"422","1","2026-02-09 20:28:14","2026-02-09 20:28:14","","Default Kit","","inherit","closed","closed","","20-revision-v1","","","2026-02-09 20:28:14","2026-02-09 20:28:14","","20","https://sportskoudruzenjenovonaselje.com/?p=422","0","revision","","0"
"423","1","2026-02-11 11:29:08","2026-02-11 11:29:08","","image00024","","inherit","open","closed","","image00024","","","2026-02-11 11:29:08","2026-02-11 11:29:08","","239","https://sportskoudruzenjenovonaselje.com/wp-content/uploads/2026/02/image00024.webp","0","attachment","image/webp","0"
"424","1","2026-02-11 11:29:09","2026-02-11 11:29:09","","image00023","","inherit","open","closed","","image00023","","","2026-02-11 11:29:09","2026-02-11 11:29:09","","239","https://sportskoudruzenjenovonaselje.com/wp-content/uploads/2026/02/image00023.webp","0","attachment","image/webp","0"
"425","1","2026-02-11 11:29:09","2026-02-11 11:29:09","","image00022","","inherit","open","closed","","image00022","","","2026-02-11 11:29:09","2026-02-11 11:29:09","","239","https://sportskoudruzenjenovonaselje.com/wp-content/uploads/2026/02/image00022.webp","0","attachment","image/webp","0"
"426","1","2026-02-11 11:29:10","2026-02-11 11:29:10","","image00023 (1)","","inherit","open","closed","","image00023-1","","","2026-02-11 11:29:10","2026-02-11 11:29:10","","239","https://sportskoudruzenjenovonaselje.com/wp-content/uploads/2026/02/image00023-1.webp","0","attachment","image/webp","0"
"427","1","2026-02-11 11:29:11","2026-02-11 11:29:11","","image00024 (1)","","inherit","open","closed","","image00024-1","","","2026-02-11 11:29:11","2026-02-11 11:29:11","","239","https://sportskoudruzenjenovonaselje.com/wp-content/uploads/2026/02/image00024-1.webp","0","attachment","image/webp","0"
"428","1","2026-02-11 11:29:12","2026-02-11 11:29:12","","image00026","","inherit","open","closed","","image00026","","","2026-02-11 11:29:12","2026-02-11 11:29:12","","239","https://sportskoudruzenjenovonaselje.com/wp-content/uploads/2026/02/image00026.webp","0","attachment","image/webp","0"
"429","1","2026-02-11 11:29:13","2026-02-11 11:29:13","","image00027","","inherit","open","closed","","image00027","","","2026-02-11 11:29:13","2026-02-11 11:29:13","","239","https://sportskoudruzenjenovonaselje.com/wp-content/uploads/2026/02/image00027.webp","0","attachment","image/webp","0"
"430","1","2026-02-11 11:29:13","2026-02-11 11:29:13","","image00028","","inherit","open","closed","","image00028","","","2026-02-11 11:29:13","2026-02-11 11:29:13","","239","https://sportskoudruzenjenovonaselje.com/wp-content/uploads/2026/02/image00028.webp","0","attachment","image/webp","0"
"431","1","2026-02-11 11:29:14","2026-02-11 11:29:14","","image00029","","inherit","open","closed","","image00029","","","2026-02-11 11:29:14","2026-02-11 11:29:14","","239","https://sportskoudruzenjenovonaselje.com/wp-content/uploads/2026/02/image00029.webp","0","attachment","image/webp","0"
"432","1","2026-02-11 11:29:15","2026-02-11 11:29:15","","image00030","","inherit","open","closed","","image00030","","","2026-02-11 11:29:15","2026-02-11 11:29:15","","239","https://sportskoudruzenjenovonaselje.com/wp-content/uploads/2026/02/image00030.webp","0","attachment","image/webp","0"
"433","1","2026-02-11 11:29:16","2026-02-11 11:29:16","","image00011 (1)","","inherit","open","closed","","image00011-1","","","2026-02-11 11:29:16","2026-02-11 11:29:16","","239","https://sportskoudruzenjenovonaselje.com/wp-content/uploads/2026/02/image00011-1.webp","0","attachment","image/webp","0"
"434","1","2026-02-11 11:29:16","2026-02-11 11:29:16","","image00009 (1)","","inherit","open","closed","","image00009-1","","","2026-02-11 11:29:16","2026-02-11 11:29:16","","239","https://sportskoudruzenjenovonaselje.com/wp-content/uploads/2026/02/image00009-1.webp","0","attachment","image/webp","0"
"435","1","2026-02-11 11:29:17","2026-02-11 11:29:17","","image00001 (1)","","inherit","open","closed","","image00001-1","","","2026-02-11 11:29:17","2026-02-11 11:29:17","","239","https://sportskoudruzenjenovonaselje.com/wp-content/uploads/2026/02/image00001-1.webp","0","attachment","image/webp","0"
"436","1","2026-02-11 11:29:18","2026-02-11 11:29:18","","image00002 (1)","","inherit","open","closed","","image00002-1","","","2026-02-11 11:29:18","2026-02-11 11:29:18","","239","https://sportskoudruzenjenovonaselje.com/wp-content/uploads/2026/02/image00002-1.webp","0","attachment","image/webp","0"
"437","1","2026-02-11 11:29:19","2026-02-11 11:29:19","","image00005 (1)","","inherit","open","closed","","image00005-1","","","2026-02-11 11:29:19","2026-02-11 11:29:19","","239","https://sportskoudruzenjenovonaselje.com/wp-content/uploads/2026/02/image00005-1.webp","0","attachment","image/webp","0"
"438","1","2026-02-11 11:29:19","2026-02-11 11:29:19","","image00004 (1)","","inherit","open","closed","","image00004-1","","","2026-02-11 11:29:19","2026-02-11 11:29:19","","239","https://sportskoudruzenjenovonaselje.com/wp-content/uploads/2026/02/image00004-1.webp","0","attachment","image/webp","0"
"439","1","2026-02-11 11:29:20","2026-02-11 11:29:20","","image00007","","inherit","open","closed","","image00007","","","2026-02-11 11:29:20","2026-02-11 11:29:20","","239","https://sportskoudruzenjenovonaselje.com/wp-content/uploads/2026/02/image00007.webp","0","attachment","image/webp","0"
"440","1","2026-02-11 11:29:21","2026-02-11 11:29:21","","image00012 (1)","","inherit","open","closed","","image00012-1","","","2026-02-11 11:29:21","2026-02-11 11:29:21","","239","https://sportskoudruzenjenovonaselje.com/wp-content/uploads/2026/02/image00012-1.webp","0","attachment","image/webp","0"
"441","1","2026-02-11 11:29:21","2026-02-11 11:29:21","","image00008 (1)","","inherit","open","closed","","image00008-1","","","2026-02-11 11:29:21","2026-02-11 11:29:21","","239","https://sportskoudruzenjenovonaselje.com/wp-content/uploads/2026/02/image00008-1.webp","0","attachment","image/webp","0"
"442","1","2026-02-11 11:29:22","2026-02-11 11:29:22","","image00006 (1)","","inherit","open","closed","","image00006-1","","","2026-02-11 11:29:22","2026-02-11 11:29:22","","239","https://sportskoudruzenjenovonaselje.com/wp-content/uploads/2026/02/image00006-1.webp","0","attachment","image/webp","0"
"443","1","2026-02-11 11:29:23","2026-02-11 11:29:23","","image00010 (1)","","inherit","open","closed","","image00010-1","","","2026-02-11 11:29:23","2026-02-11 11:29:23","","239","https://sportskoudruzenjenovonaselje.com/wp-content/uploads/2026/02/image00010-1.webp","0","attachment","image/webp","0"
"444","1","2026-02-11 11:29:24","2026-02-11 11:29:24","","image00003 (1)","","inherit","open","closed","","image00003-1","","","2026-02-11 11:29:24","2026-02-11 11:29:24","","239","https://sportskoudruzenjenovonaselje.com/wp-content/uploads/2026/02/image00003-1.webp","0","attachment","image/webp","0"
"445","1","2026-02-11 11:32:09","2026-02-11 11:32:09","","image00025 (1)","","inherit","open","closed","","image00025-1","","","2026-02-11 11:32:09","2026-02-11 11:32:09","","239","https://sportskoudruzenjenovonaselje.com/wp-content/uploads/2026/02/image00025-1.webp","0","attachment","image/webp","0"
"446","1","2026-02-11 12:09:09","2026-02-11 12:09:09","","WhatsApp Image 2026-02-11 at 13.01.19 (1)_1","","inherit","open","closed","","whatsapp-image-2026-02-11-at-13-01-19-1_1","","","2026-02-11 12:09:09","2026-02-11 12:09:09","","232","https://sportskoudruzenjenovonaselje.com/wp-content/uploads/2026/02/WhatsApp-Image-2026-02-11-at-13.01.19-1_1.webp","0","attachment","image/webp","0"
"447","1","2026-02-11 12:09:27","2026-02-11 12:09:27","","WhatsApp Image 2026-02-11 at 13.01.20 (1)_1","","inherit","open","closed","","whatsapp-image-2026-02-11-at-13-01-20-1_1","","","2026-02-11 12:09:27","2026-02-11 12:09:27","","232","https://sportskoudruzenjenovonaselje.com/wp-content/uploads/2026/02/WhatsApp-Image-2026-02-11-at-13.01.20-1_1.webp","0","attachment","image/webp","0"
"448","1","2026-02-11 12:09:42","2026-02-11 12:09:42","","WhatsApp Image 2026-02-11 at 13.01.19 (3)_1","","inherit","open","closed","","whatsapp-image-2026-02-11-at-13-01-19-3_1","","","2026-02-11 12:09:42","2026-02-11 12:09:42","","232","https://sportskoudruzenjenovonaselje.com/wp-content/uploads/2026/02/WhatsApp-Image-2026-02-11-at-13.01.19-3_1.webp","0","attachment","image/webp","0"
"449","1","2026-02-11 12:09:56","2026-02-11 12:09:56","","WhatsApp Image 2026-02-11 at 13.01.20 (2)_1","","inherit","open","closed","","whatsapp-image-2026-02-11-at-13-01-20-2_1","","","2026-02-11 12:09:56","2026-02-11 12:09:56","","232","https://sportskoudruzenjenovonaselje.com/wp-content/uploads/2026/02/WhatsApp-Image-2026-02-11-at-13.01.20-2_1.webp","0","attachment","image/webp","0"
"450","1","2026-02-11 12:10:23","2026-02-11 12:10:23","","WhatsApp Image 2026-02-11 at 13.01.19 (2)_1","","inherit","open","closed","","whatsapp-image-2026-02-11-at-13-01-19-2_1","","","2026-02-11 12:10:23","2026-02-11 12:10:23","","232","https://sportskoudruzenjenovonaselje.com/wp-content/uploads/2026/02/WhatsApp-Image-2026-02-11-at-13.01.19-2_1.webp","0","attachment","image/webp","0"
"451","1","2026-02-11 12:10:41","2026-02-11 12:10:41","","WhatsApp Image 2026-02-11 at 13.01.20 (5)_1","","inherit","open","closed","","whatsapp-image-2026-02-11-at-13-01-20-5_1","","","2026-02-11 12:10:41","2026-02-11 12:10:41","","232","https://sportskoudruzenjenovonaselje.com/wp-content/uploads/2026/02/WhatsApp-Image-2026-02-11-at-13.01.20-5_1.webp","0","attachment","image/webp","0"
"452","1","2026-02-11 12:16:57","2026-02-11 12:16:57","","WhatsApp Image 2026-02-11 at 13.01.19_1","","inherit","open","closed","","whatsapp-image-2026-02-11-at-13-01-19_1","","","2026-02-11 12:16:57","2026-02-11 12:16:57","","257","https://sportskoudruzenjenovonaselje.com/wp-content/uploads/2026/02/WhatsApp-Image-2026-02-11-at-13.01.19_1.webp","0","attachment","image/webp","0"
"453","1","2026-02-11 12:17:20","2026-02-11 12:17:20","","WhatsApp Image 2026-02-11 at 13.01.20 (4)_1","","inherit","open","closed","","whatsapp-image-2026-02-11-at-13-01-20-4_1","","","2026-02-11 12:17:20","2026-02-11 12:17:20","","257","https://sportskoudruzenjenovonaselje.com/wp-content/uploads/2026/02/WhatsApp-Image-2026-02-11-at-13.01.20-4_1.webp","0","attachment","image/webp","0"
"454","1","2026-02-11 12:18:29","2026-02-11 12:18:29","","WhatsApp Image 2026-02-11 at 13.01.20_1","","inherit","open","closed","","whatsapp-image-2026-02-11-at-13-01-20_1","","","2026-02-11 12:18:29","2026-02-11 12:18:29","","242","https://sportskoudruzenjenovonaselje.com/wp-content/uploads/2026/02/WhatsApp-Image-2026-02-11-at-13.01.20_1.webp","0","attachment","image/webp","0"
"455","1","2026-02-11 12:18:44","2026-02-11 12:18:44","","WhatsApp Image 2026-02-11 at 13.01.20 (3)_1","","inherit","open","closed","","whatsapp-image-2026-02-11-at-13-01-20-3_1","","","2026-02-11 12:18:44","2026-02-11 12:18:44","","242","https://sportskoudruzenjenovonaselje.com/wp-content/uploads/2026/02/WhatsApp-Image-2026-02-11-at-13.01.20-3_1.webp","0","attachment","image/webp","0"
"456","1","2026-02-13 14:11:05","2026-02-13 14:11:05","","Indirekt","","publish","closed","closed","","indirekt","","","2026-02-13 14:16:37","2026-02-13 14:16:37","","0","https://sportskoudruzenjenovonaselje.com/?post_type=flm_tim&#038;p=456","0","flm_tim","","0"
"457","1","2026-02-13 14:16:14","2026-02-13 14:16:14","","Logo 17","","inherit","open","closed","","logo-17","","","2026-02-13 14:16:34","2026-02-13 14:16:34","","456","https://sportskoudruzenjenovonaselje.com/wp-content/uploads/2026/02/Logo-17.jpg","0","attachment","image/jpeg","0"
"459","1","2026-02-15 15:02:42","2026-02-15 15:02:42","","84-IMG_0164","","inherit","open","closed","","84-img_0164","","","2026-02-15 15:02:42","2026-02-15 15:02:42","","240","https://sportskoudruzenjenovonaselje.com/wp-content/uploads/2026/02/84-IMG_0164.webp","0","attachment","image/webp","0"
"460","1","2026-02-15 15:02:43","2026-02-15 15:02:43","","85-IMG_0163","","inherit","open","closed","","85-img_0163","","","2026-02-15 15:02:43","2026-02-15 15:02:43","","240","https://sportskoudruzenjenovonaselje.com/wp-content/uploads/2026/02/85-IMG_0163.webp","0","attachment","image/webp","0"
"461","1","2026-02-15 15:02:44","2026-02-15 15:02:44","","86-IMG_0162","","inherit","open","closed","","86-img_0162","","","2026-02-15 15:02:44","2026-02-15 15:02:44","","240","https://sportskoudruzenjenovonaselje.com/wp-content/uploads/2026/02/86-IMG_0162.webp","0","attachment","image/webp","0"
"462","1","2026-02-15 15:02:45","2026-02-15 15:02:45","","87-IMG_0161","","inherit","open","closed","","87-img_0161","","","2026-02-15 15:02:45","2026-02-15 15:02:45","","240","https://sportskoudruzenjenovonaselje.com/wp-content/uploads/2026/02/87-IMG_0161.webp","0","attachment","image/webp","0"
"463","1","2026-02-15 15:02:46","2026-02-15 15:02:46","","82-IMG_0170","","inherit","open","closed","","82-img_0170","","","2026-02-15 15:02:46","2026-02-15 15:02:46","","240","https://sportskoudruzenjenovonaselje.com/wp-content/uploads/2026/02/82-IMG_0170.webp","0","attachment","image/webp","0"
"464","1","2026-02-15 15:02:47","2026-02-15 15:02:47","","image00032 (1)","","inherit","open","closed","","image00032-1","","","2026-02-15 15:02:47","2026-02-15 15:02:47","","240","https://sportskoudruzenjenovonaselje.com/wp-content/uploads/2026/02/image00032-1.webp","0","attachment","image/webp","0"
"465","1","2026-02-15 15:02:48","2026-02-15 15:02:48","","image00031 (1)","","inherit","open","closed","","image00031-1","","","2026-02-15 15:02:48","2026-02-15 15:02:48","","240","https://sportskoudruzenjenovonaselje.com/wp-content/uploads/2026/02/image00031-1.webp","0","attachment","image/webp","0"
"466","1","2026-02-15 15:02:48","2026-02-15 15:02:48","","88-IMG_0160","","inherit","open","closed","","88-img_0160","","","2026-02-15 15:02:48","2026-02-15 15:02:48","","240","https://sportskoudruzenjenovonaselje.com/wp-content/uploads/2026/02/88-IMG_0160.webp","0","attachment","image/webp","0"
"472","1","2026-02-15 20:59:34","2026-02-15 20:59:34","<!-- wp:paragraph -->
<p>Po prvi put uvodimo VAR u našu fudbalsku ligu!<br>S obzirom na to da se sve utakmice snimaju, svaka ekipa ima pravo da jednom u toku utakmice pozove VAR kako bi se sporna situacija ponovo pregledala.</p>
<!-- /wp:paragraph -->

<!-- wp:paragraph -->
<p> Pravila VAR-a:</p>
<!-- /wp:paragraph -->

<!-- wp:paragraph -->
<p>Svaka ekipa ima 1 VAR poziv po utakmici</p>
<!-- /wp:paragraph -->

<!-- wp:paragraph -->
<p>&nbsp;Za poziv na VAR potrebno je poslati humanitarni SMS na broj 1234&nbsp;</p>
<!-- /wp:paragraph -->

<!-- wp:paragraph -->
<p>Ovim potezom želimo da pokažemo da smo ozbiljna i moderna organizacija, ali pre svega humana liga koja pomaže ugroženima i bolesnima.<br>Spajamo sport, tehnologiju i humanost – fer igra na terenu i dobro delo van terena!&nbsp;</p>
<!-- /wp:paragraph -->

<!-- wp:paragraph -->
<p>Pošalji SMS, pomozi onima kojima je najpotrebnije i učestvuj u prvoj ligi sa VAR-om u malom fudbalu!&nbsp;</p>
<!-- /wp:paragraph -->

<!-- wp:paragraph -->
<p></p>
<!-- /wp:paragraph -->","PO PRVI PUT VAR U MALOM FUDBALU NA NOVOM NASELJU! Sav prihod u humanitarne svrhe!","","publish","open","open","","najava-3-kola","","","2026-02-15 21:27:45","2026-02-15 21:27:45","","0","https://sportskoudruzenjenovonaselje.com/?p=472","0","post","","0"
"473","1","2026-02-15 20:59:34","2026-02-15 20:59:34","","Najava 3. Kola","","inherit","closed","closed","","472-revision-v1","","","2026-02-15 20:59:34","2026-02-15 20:59:34","","472","https://sportskoudruzenjenovonaselje.com/?p=473","0","revision","","0"
"474","1","2026-02-15 21:10:35","2026-02-15 21:10:35","Pogledajte ko je obelezio prethodnu rundu utakmica i ko se izdvaja na listi strelaca.

Kompletna statistika dostupna je na stranici lige.","Najbolji strelci nedelje","Statistika i izdvojeni nastupi na terenu.","inherit","closed","closed","","190-revision-v1","","","2026-02-15 21:10:35","2026-02-15 21:10:35","","190","https://sportskoudruzenjenovonaselje.com/?p=474","0","revision","","0"
"475","1","2026-02-15 21:11:50","2026-02-15 21:11:50","Playin faza je nova prilika za timove da se domognu zavrsnice. Igra se po jedna utakmica na ispadanje.

U nastavku donosimo primere parova i format takmicenja.","Playin faza: Objasnjenje dodatnog formata takmičenja","Kako funkcionise playin i sta donosi timovima iz grupa.","inherit","closed","closed","","189-autosave-v1","","","2026-02-15 21:11:50","2026-02-15 21:11:50","","189","https://sportskoudruzenjenovonaselje.com/?p=475","0","revision","","0"
"476","1","2026-02-15 21:17:28","2026-02-15 21:17:28","Play-in faza je nova prilika za timove od 5-og do 12-og mesta da se domognu zavrsnice. Igra se po jedna utakmica na ispadanje i to odmah u nedelji nakon završene grupne faze. Igrač ostvaruje pravo nastupa u play-in tek nakon odigranih 30% utakmica u grupnoj fazi!

Format ukrštanja:

5.mesto A grupa vs 12.mesto B grupa

6.mesto A grupa vs 11.mesto B grupa

7.mesto A grupa vs 10.mesto B grupa

8.mesto A grupa vs 9.mesto B grupa

9.mesto A grupa vs 8.mesto B grupa

10.mesto A grupa vs 7.mesto B grupa

11.mesto A grupa vs 6.mesto B grupa

12.mesto A grupa vs 5.mesto B grupa","Playin faza: Objasnjenje dodatnog formata takmičenja","Kako funkcionise playin i sta donosi timovima iz grupa.","inherit","closed","closed","","189-revision-v1","","","2026-02-15 21:17:28","2026-02-15 21:17:28","","189","https://sportskoudruzenjenovonaselje.com/?p=476","0","revision","","0"
"477","1","2026-02-15 21:23:24","2026-02-15 21:23:24","","3ABD53BE-66FF-4002-BE46-64A1490DE91A","","inherit","open","closed","","3abd53be-66ff-4002-be46-64a1490de91a","","","2026-02-15 21:23:24","2026-02-15 21:23:24","","472","https://sportskoudruzenjenovonaselje.com/wp-content/uploads/2026/02/3ABD53BE-66FF-4002-BE46-64A1490DE91A.jpg","0","attachment","image/jpeg","0"
"478","1","2026-02-15 21:26:47","2026-02-15 21:26:47","","PO PRVI PUT VAR U MALOM FUDBALU NA NOVOM NASELJU!","","inherit","closed","closed","","472-autosave-v1","","","2026-02-15 21:26:47","2026-02-15 21:26:47","","472","https://sportskoudruzenjenovonaselje.com/?p=478","0","revision","","0"
"479","1","2026-02-15 21:27:45","2026-02-15 21:27:45","<!-- wp:paragraph -->
<p>Po prvi put uvodimo VAR u našu fudbalsku ligu!<br>S obzirom na to da se sve utakmice snimaju, svaka ekipa ima pravo da jednom u toku utakmice pozove VAR kako bi se sporna situacija ponovo pregledala.</p>
<!-- /wp:paragraph -->

<!-- wp:paragraph -->
<p> Pravila VAR-a:</p>
<!-- /wp:paragraph -->

<!-- wp:paragraph -->
<p>Svaka ekipa ima 1 VAR poziv po utakmici</p>
<!-- /wp:paragraph -->

<!-- wp:paragraph -->
<p>&nbsp;Za poziv na VAR potrebno je poslati humanitarni SMS na broj 1234&nbsp;</p>
<!-- /wp:paragraph -->

<!-- wp:paragraph -->
<p>Ovim potezom želimo da pokažemo da smo ozbiljna i moderna organizacija, ali pre svega humana liga koja pomaže ugroženima i bolesnima.<br>Spajamo sport, tehnologiju i humanost – fer igra na terenu i dobro delo van terena!&nbsp;</p>
<!-- /wp:paragraph -->

<!-- wp:paragraph -->
<p>Pošalji SMS, pomozi onima kojima je najpotrebnije i učestvuj u prvoj ligi sa VAR-om u malom fudbalu!&nbsp;</p>
<!-- /wp:paragraph -->

<!-- wp:paragraph -->
<p></p>
<!-- /wp:paragraph -->","PO PRVI PUT VAR U MALOM FUDBALU NA NOVOM NASELJU! Sav prihod u humanitarne svrhe!","","inherit","closed","closed","","472-revision-v1","","","2026-02-15 21:27:45","2026-02-15 21:27:45","","472","https://sportskoudruzenjenovonaselje.com/?p=479","0","revision","","0"
"480","1","2026-02-15 21:43:39","2026-02-15 21:43:39","Trajanje utakmice: 2x20 minuta

Broj igrača: 4+1 ( 5 rezervi )

Grupna faza: 13 nedelja

Svaki crveni karton nosi suspenziju igranja u narednom kolu.

Za učešće u narednoj fazi takmičenja igrač je dužan da ostvari minimum 30% odigranih utakmica u regularnom delu.

Otkazivanje utakmice na dan termina se ne prihvata i automatski se naplaćuje iz depozita, a protivniku se upisuje 3 boda.","Pravila lige","Statistika i izdvojeni nastupi na terenu.","inherit","closed","closed","","190-revision-v1","","","2026-02-15 21:43:39","2026-02-15 21:43:39","","190","https://sportskoudruzenjenovonaselje.com/?p=480","0","revision","","0"
"481","1","2026-02-15 21:44:46","2026-02-15 21:44:46","Trajanje utakmice: 2x20 minuta

Broj igrača: 4+1 ( 5 rezervi )

Grupna faza: 13 nedelja

Svaki crveni karton nosi suspenziju igranja u narednom kolu.

Za učešće u narednoj fazi takmičenja igrač je dužan da ostvari minimum 30% odigranih utakmica u regularnom delu.

Otkazivanje utakmice na dan termina se ne prihvata i automatski se naplaćuje iz depozita, a protivniku se upisuje 3 boda.","Pravila lige","","inherit","closed","closed","","190-revision-v1","","","2026-02-15 21:44:46","2026-02-15 21:44:46","","190","https://sportskoudruzenjenovonaselje.com/?p=481","0","revision","","0"
"482","1","2026-02-15 21:45:40","2026-02-15 21:45:40","Trajanje utakmice: 2x20 minuta

Broj igrača: 4+1 ( 5 rezervi )

Grupna faza: 13 nedelja

Svaki crveni karton nosi suspenziju igranja u narednom kolu.

Za učešće u narednoj fazi takmičenja igrač je dužan da ostvari minimum 30% odigranih utakmica u regularnom delu.

Otkazivanje utakmice na dan termina se ne prihvata i automatski se naplaćuje iz depozita, a protivniku se upisuje 3 boda.","Pravila lige","format takmičenja i osnovna pravila 
","inherit","closed","closed","","190-revision-v1","","","2026-02-15 21:45:40","2026-02-15 21:45:40","","190","https://sportskoudruzenjenovonaselje.com/?p=482","0","revision","","0"
"483","1","2026-02-18 09:56:46","2026-02-18 09:56:46","","image00046","","inherit","open","closed","","image00046","","","2026-02-18 09:56:46","2026-02-18 09:56:46","","241","https://sportskoudruzenjenovonaselje.com/wp-content/uploads/2026/02/image00046.webp","0","attachment","image/webp","0"
"484","1","2026-02-18 09:56:48","2026-02-18 09:56:48","","image00040","","inherit","open","closed","","image00040","","","2026-02-18 09:56:48","2026-02-18 09:56:48","","241","https://sportskoudruzenjenovonaselje.com/wp-content/uploads/2026/02/image00040.webp","0","attachment","image/webp","0"
"485","1","2026-02-18 09:56:49","2026-02-18 09:56:49","","image00038","","inherit","open","closed","","image00038","","","2026-02-18 09:56:49","2026-02-18 09:56:49","","241","https://sportskoudruzenjenovonaselje.com/wp-content/uploads/2026/02/image00038.webp","0","attachment","image/webp","0"
"486","1","2026-02-18 09:56:50","2026-02-18 09:56:50","","image00044","","inherit","open","closed","","image00044","","","2026-02-18 09:56:50","2026-02-18 09:56:50","","241","https://sportskoudruzenjenovonaselje.com/wp-content/uploads/2026/02/image00044.webp","0","attachment","image/webp","0"
"487","1","2026-02-18 09:56:50","2026-02-18 09:56:50","","image00048","","inherit","open","closed","","image00048","","","2026-02-18 09:56:50","2026-02-18 09:56:50","","241","https://sportskoudruzenjenovonaselje.com/wp-content/uploads/2026/02/image00048.webp","0","attachment","image/webp","0"
"488","1","2026-02-18 09:56:51","2026-02-18 09:56:51","","image00042","","inherit","open","closed","","image00042","","","2026-02-18 09:56:51","2026-02-18 09:56:51","","241","https://sportskoudruzenjenovonaselje.com/wp-content/uploads/2026/02/image00042.webp","0","attachment","image/webp","0"
"489","1","2026-02-18 09:56:52","2026-02-18 09:56:52","","image00045","","inherit","open","closed","","image00045","","","2026-02-18 09:56:52","2026-02-18 09:56:52","","241","https://sportskoudruzenjenovonaselje.com/wp-content/uploads/2026/02/image00045.webp","0","attachment","image/webp","0"
"490","1","2026-02-18 09:56:53","2026-02-18 09:56:53","","image00035","","inherit","open","closed","","image00035","","","2026-02-18 09:56:53","2026-02-18 09:56:53","","241","https://sportskoudruzenjenovonaselje.com/wp-content/uploads/2026/02/image00035.webp","0","attachment","image/webp","0"
"491","1","2026-02-18 09:56:54","2026-02-18 09:56:54","","image00047","","inherit","open","closed","","image00047","","","2026-02-18 09:56:54","2026-02-18 09:56:54","","241","https://sportskoudruzenjenovonaselje.com/wp-content/uploads/2026/02/image00047.webp","0","attachment","image/webp","0"
"492","1","2026-02-18 09:56:55","2026-02-18 09:56:55","","image00043","","inherit","open","closed","","image00043","","","2026-02-18 09:56:55","2026-02-18 09:56:55","","241","https://sportskoudruzenjenovonaselje.com/wp-content/uploads/2026/02/image00043.webp","0","attachment","image/webp","0"
"493","1","2026-02-18 09:56:56","2026-02-18 09:56:56","","image00036","","inherit","open","closed","","image00036","","","2026-02-18 09:56:56","2026-02-18 09:56:56","","241","https://sportskoudruzenjenovonaselje.com/wp-content/uploads/2026/02/image00036.webp","0","attachment","image/webp","0"
"494","1","2026-02-18 09:56:57","2026-02-18 09:56:57","","image00039","","inherit","open","closed","","image00039","","","2026-02-18 09:56:57","2026-02-18 09:56:57","","241","https://sportskoudruzenjenovonaselje.com/wp-content/uploads/2026/02/image00039.webp","0","attachment","image/webp","0"
"495","1","2026-02-18 09:56:58","2026-02-18 09:56:58","","image00041","","inherit","open","closed","","image00041","","","2026-02-18 09:56:58","2026-02-18 09:56:58","","241","https://sportskoudruzenjenovonaselje.com/wp-content/uploads/2026/02/image00041.webp","0","attachment","image/webp","0"
"496","1","2026-02-18 10:02:18","2026-02-18 10:02:18","","image00037","","inherit","open","closed","","image00037","","","2026-02-18 10:02:18","2026-02-18 10:02:18","","241","https://sportskoudruzenjenovonaselje.com/wp-content/uploads/2026/02/image00037.webp","0","attachment","image/webp","0"
"498","1","2026-02-19 19:06:11","2026-02-19 19:06:11","","DP Mia I Hana","","inherit","closed","closed","","247-autosave-v1","","","2026-02-19 19:06:11","2026-02-19 19:06:11","","247","https://sportskoudruzenjenovonaselje.com/?p=498","0","revision","","0"
"500","1","2026-02-27 15:07:41","2026-02-27 15:07:41","","Stay Fit","","publish","closed","closed","","stay-fit","","","2026-02-27 17:49:48","2026-02-27 17:49:48","","0","https://sportskoudruzenjenovonaselje.com/?post_type=flm_tim&#038;p=500","0","flm_tim","","0"
"501","1","2026-02-27 17:49:33","2026-02-27 17:49:33","","Stay Fit logo","","inherit","open","closed","","stay-fit-logo","","","2026-02-27 17:49:46","2026-02-27 17:49:46","","500","https://sportskoudruzenjenovonaselje.com/wp-content/uploads/2026/02/Stay-Fit-logo.jpg","0","attachment","image/jpeg","0"
"502","1","2026-02-27 17:50:06","2026-02-27 17:50:06","","Pesaci logo","","inherit","open","closed","","pesaci-logo","","","2026-02-27 17:50:12","2026-02-27 17:50:12","","0","https://sportskoudruzenjenovonaselje.com/wp-content/uploads/2026/02/Pesaci-logo.jpg","0","attachment","image/jpeg","0"
"503","1","2026-02-27 17:50:34","2026-02-27 17:50:34","","Nosponsor logo","","inherit","open","closed","","nosponsor-logo","","","2026-02-27 17:50:36","2026-02-27 17:50:36","","257","https://sportskoudruzenjenovonaselje.com/wp-content/uploads/2026/02/Nosponsor-logo.jpg","0","attachment","image/jpeg","0"
"504","1","2026-02-27 17:50:55","2026-02-27 17:50:55","","Galans logo","","inherit","open","closed","","galans-logo","","","2026-02-27 17:51:02","2026-02-27 17:51:02","","253","https://sportskoudruzenjenovonaselje.com/wp-content/uploads/2026/02/Galans-logo.jpg","0","attachment","image/jpeg","0"
"505","1","2026-02-27 17:51:25","2026-02-27 17:51:25","","Eventique logo","","inherit","open","closed","","eventique-logo","","","2026-02-27 17:51:29","2026-02-27 17:51:29","","250","https://sportskoudruzenjenovonaselje.com/wp-content/uploads/2026/02/Eventique-logo.jpg","0","attachment","image/jpeg","0"
"506","1","2026-02-27 17:51:49","2026-02-27 17:51:49","","Barbershop Vukadinovic logo","","inherit","open","closed","","barbershop-vukadinovic-logo","","","2026-02-27 17:51:52","2026-02-27 17:51:52","","254","https://sportskoudruzenjenovonaselje.com/wp-content/uploads/2026/02/Barbershop-Vukadinovic-logo.jpg","0","attachment","image/jpeg","0"
"507","1","2026-03-03 17:58:31","2026-03-03 17:58:31","","Zarićev Vajat","","publish","closed","closed","","sponzor_01","","","2026-05-17 09:47:10","2026-05-17 09:47:10","","0","https://sportskoudruzenjenovonaselje.com/flm_sponzor/sponzor_01/","0","flm_sponzor","","0"
"508","1","2026-03-03 17:58:31","2026-03-03 17:58:31","","Autoškola M&M","","publish","closed","closed","","sponzor_02","","","2026-05-17 09:47:35","2026-05-17 09:47:35","","0","https://sportskoudruzenjenovonaselje.com/flm_sponzor/sponzor_02/","1","flm_sponzor","","0"
"509","1","2026-03-03 17:58:31","2026-03-03 17:58:31","","Grand kafa","","publish","closed","closed","","sponzor_03","","","2026-05-17 09:47:52","2026-05-17 09:47:52","","0","https://sportskoudruzenjenovonaselje.com/flm_sponzor/sponzor_03/","2","flm_sponzor","","0"
"512","1","2026-03-04 14:19:09","2026-03-04 14:19:09","<!-- wp:paragraph -->
<p>&nbsp;NS 3x3 LIGA – PODELA NA DVE KATEGORIJE</p>
<!-- /wp:paragraph -->

<!-- wp:paragraph -->
<p>Već od prve sezone NS 3x3 liga zvanično se deli na:</p>
<!-- /wp:paragraph -->

<!-- wp:paragraph -->
<p> PRO LIGA</p>
<!-- /wp:paragraph -->

<!-- wp:paragraph -->
<p> Za najjače i najambicioznije ekipe<br>• Kompletna statistika<br>• Profesionalno fotografisanje<br>• Iskusne 3x3 sudije<br>• Jedinstven sistem bodovanja</p>
<!-- /wp:paragraph -->

<!-- wp:paragraph -->
<p> Live prenos utakmica</p>
<!-- /wp:paragraph -->

<!-- wp:paragraph -->
<p> Nagradni fond 100.000 RSD</p>
<!-- /wp:paragraph -->

<!-- wp:paragraph -->
<p>&nbsp;Besplatno učešće za 3 najbolje ekipe na letnjem FIBA registrovanom turniru</p>
<!-- /wp:paragraph -->

<!-- wp:paragraph -->
<p> REKREATIVNA LIGA<br>Za ekipe koje žele ozbiljno takmičenje bez profesionalnog pritiska<br>• Kompletna statistika<br>• Profesionalno fotografisanje<br>• Iskusne 3x3 sudije<br>• Jedinstven takmičarski sistem<br>• Robne nagrade</p>
<!-- /wp:paragraph -->

<!-- wp:paragraph -->
<p>Besplatno učešće na letnjem rekreativnom turniru za tri najbolje ekipe</p>
<!-- /wp:paragraph -->

<!-- wp:paragraph -->
<p>&nbsp;Mini turniri se igraju svakog petka</p>
<!-- /wp:paragraph -->

<!-- wp:paragraph -->
<p>&nbsp;SC Meridijana</p>
<!-- /wp:paragraph -->

<!-- wp:paragraph -->
<p>Izaberi kategoriju, okupi ekipu i prijavi se na vreme</p>
<!-- /wp:paragraph -->

<!-- wp:paragraph -->
<p> +381 63 1336 170</p>
<!-- /wp:paragraph -->

<!-- wp:paragraph -->
<p>+381 69 1715 293<br>Instagram: @su.novonaselje</p>
<!-- /wp:paragraph -->

<!-- wp:paragraph -->
<p>NS 3x3 – sistem, organizacija i nivo.&nbsp;</p>
<!-- /wp:paragraph -->","NS 3x3 LIGA","","publish","open","open","","ns-3x3-liga","","","2026-05-17 08:48:31","2026-05-17 08:48:31","","0","https://sportskoudruzenjenovonaselje.com/?p=512","0","post","","0"
"513","1","2026-03-04 14:19:09","2026-03-04 14:19:09","<!-- wp:paragraph -->
<p>&nbsp;NS 3x3 LIGA – PODELA NA DVE KATEGORIJE</p>
<!-- /wp:paragraph -->

<!-- wp:paragraph -->
<p>Već od prve sezone NS 3x3 liga zvanično se deli na:</p>
<!-- /wp:paragraph -->

<!-- wp:paragraph -->
<p> PRO LIGA</p>
<!-- /wp:paragraph -->

<!-- wp:paragraph -->
<p> Za najjače i najambicioznije ekipe<br>• Kompletna statistika<br>• Profesionalno fotografisanje<br>• Iskusne 3x3 sudije<br>• Jedinstven sistem bodovanja</p>
<!-- /wp:paragraph -->

<!-- wp:paragraph -->
<p> Live prenos utakmica</p>
<!-- /wp:paragraph -->

<!-- wp:paragraph -->
<p> Nagradni fond 100.000 RSD</p>
<!-- /wp:paragraph -->

<!-- wp:paragraph -->
<p>&nbsp;Besplatno učešće za 3 najbolje ekipe na letnjem FIBA registrovanom turniru</p>
<!-- /wp:paragraph -->

<!-- wp:paragraph -->
<p> REKREATIVNA LIGA<br>Za ekipe koje žele ozbiljno takmičenje bez profesionalnog pritiska<br>• Kompletna statistika<br>• Profesionalno fotografisanje<br>• Iskusne 3x3 sudije<br>• Jedinstven takmičarski sistem<br>• Robne nagrade</p>
<!-- /wp:paragraph -->

<!-- wp:paragraph -->
<p>Besplatno učešće na letnjem rekreativnom turniru za tri najbolje ekipe</p>
<!-- /wp:paragraph -->

<!-- wp:paragraph -->
<p>&nbsp;Mini turniri se igraju svakog petka</p>
<!-- /wp:paragraph -->

<!-- wp:paragraph -->
<p>&nbsp;SC Meridijana</p>
<!-- /wp:paragraph -->

<!-- wp:paragraph -->
<p>Izaberi kategoriju, okupi ekipu i prijavi se na vreme</p>
<!-- /wp:paragraph -->

<!-- wp:paragraph -->
<p> +381 63 1336 170</p>
<!-- /wp:paragraph -->

<!-- wp:paragraph -->
<p>+381 69 1715 293<br>Instagram: @su.novonaselje</p>
<!-- /wp:paragraph -->

<!-- wp:paragraph -->
<p>NS 3x3 – sistem, organizacija i nivo.&nbsp;</p>
<!-- /wp:paragraph -->","NS 3x3 LIGA","","inherit","closed","closed","","512-revision-v1","","","2026-03-04 14:19:09","2026-03-04 14:19:09","","512","https://sportskoudruzenjenovonaselje.com/?p=513","0","revision","","0"
"515","1","2026-03-04 14:19:46","2026-03-04 14:19:46","","824C0111-C379-4C5D-9A69-D2BF6C76BB34","","inherit","open","closed","","824c0111-c379-4c5d-9a69-d2bf6c76bb34","","","2026-03-04 14:19:46","2026-03-04 14:19:46","","512","https://sportskoudruzenjenovonaselje.com/wp-content/uploads/2026/03/824C0111-C379-4C5D-9A69-D2BF6C76BB34.png","0","attachment","image/png","0"
"516","1","2026-03-04 14:28:37","2026-03-04 14:28:37","","AED993BA-8551-4A8C-9D9D-EBE8F71890F8","","inherit","open","closed","","aed993ba-8551-4a8c-9d9d-ebe8f71890f8","","","2026-03-04 14:28:37","2026-03-04 14:28:37","","231","https://sportskoudruzenjenovonaselje.com/wp-content/uploads/2026/02/AED993BA-8551-4A8C-9D9D-EBE8F71890F8.jpeg","0","attachment","image/jpeg","0"
"520","1","2026-03-07 12:14:44","2026-03-07 12:14:44","","pro print LOGO","","inherit","open","closed","","pro-print-logo","","","2026-03-07 12:14:44","2026-03-07 12:14:44","","0","https://sportskoudruzenjenovonaselje.com/wp-content/uploads/2026/03/pro-print-LOGO.png","0","attachment","image/png","0"
"522","1","2026-03-07 15:36:42","2026-03-07 15:36:42","","sponzor_04","","inherit","open","closed","","sponzor_04","","","2026-03-07 15:36:58","2026-03-07 15:36:58","","0","https://sportskoudruzenjenovonaselje.com/wp-content/uploads/2026/03/sponzor_04.jpg","0","attachment","image/jpeg","0"
"525","1","2026-03-10 21:31:31","2026-03-10 21:31:31","","IMG_3929","","inherit","open","closed","","img_3929","","","2026-03-10 21:31:31","2026-03-10 21:31:31","","251","https://sportskoudruzenjenovonaselje.com/wp-content/uploads/2026/02/IMG_3929.jpeg","0","attachment","image/jpeg","0"
"527","1","2026-03-14 13:28:44","2026-03-14 13:28:44","","IMG-ece2f3f15d4d962f5b46328d08a00541-V","","inherit","open","closed","","img-ece2f3f15d4d962f5b46328d08a00541-v","","","2026-03-14 13:28:44","2026-03-14 13:28:44","","456","https://sportskoudruzenjenovonaselje.com/wp-content/uploads/2026/02/IMG-ece2f3f15d4d962f5b46328d08a00541-V.jpg","0","attachment","image/jpeg","0"
"528","1","2026-03-14 13:28:46","2026-03-14 13:28:46","","IMG-ee0b7891e10ce04a01356d4da7ccc087-V","","inherit","open","closed","","img-ee0b7891e10ce04a01356d4da7ccc087-v","","","2026-03-14 13:28:46","2026-03-14 13:28:46","","456","https://sportskoudruzenjenovonaselje.com/wp-content/uploads/2026/02/IMG-ee0b7891e10ce04a01356d4da7ccc087-V.jpg","0","attachment","image/jpeg","0"
"529","1","2026-03-14 13:28:47","2026-03-14 13:28:47","","IMG-e3ab9991fbfee2f0898a2a03475c98ce-V","","inherit","open","closed","","img-e3ab9991fbfee2f0898a2a03475c98ce-v","","","2026-03-14 13:28:47","2026-03-14 13:28:47","","456","https://sportskoudruzenjenovonaselje.com/wp-content/uploads/2026/02/IMG-e3ab9991fbfee2f0898a2a03475c98ce-V.jpg","0","attachment","image/jpeg","0"
"530","1","2026-03-14 13:28:49","2026-03-14 13:28:49","","IMG-93f680009f8bdb61888e8b6dd1253e67-V","","inherit","open","closed","","img-93f680009f8bdb61888e8b6dd1253e67-v","","","2026-03-14 13:28:49","2026-03-14 13:28:49","","456","https://sportskoudruzenjenovonaselje.com/wp-content/uploads/2026/02/IMG-93f680009f8bdb61888e8b6dd1253e67-V.jpg","0","attachment","image/jpeg","0"
"531","1","2026-03-14 13:28:50","2026-03-14 13:28:50","","IMG-4254c6ab44e1b40b293605e66805a977-V","","inherit","open","closed","","img-4254c6ab44e1b40b293605e66805a977-v","","","2026-03-14 13:28:50","2026-03-14 13:28:50","","456","https://sportskoudruzenjenovonaselje.com/wp-content/uploads/2026/02/IMG-4254c6ab44e1b40b293605e66805a977-V.jpg","0","attachment","image/jpeg","0"
"532","1","2026-03-14 13:28:51","2026-03-14 13:28:51","","IMG-fee1b80fed187299c6a9c1943b5d7998-V","","inherit","open","closed","","img-fee1b80fed187299c6a9c1943b5d7998-v","","","2026-03-14 13:28:51","2026-03-14 13:28:51","","456","https://sportskoudruzenjenovonaselje.com/wp-content/uploads/2026/02/IMG-fee1b80fed187299c6a9c1943b5d7998-V.jpg","0","attachment","image/jpeg","0"
"533","1","2026-03-14 13:28:52","2026-03-14 13:28:52","","IMG-3a80e3879b5e21b7eafb63fd5e7a7f60-V","","inherit","open","closed","","img-3a80e3879b5e21b7eafb63fd5e7a7f60-v","","","2026-03-14 13:28:52","2026-03-14 13:28:52","","456","https://sportskoudruzenjenovonaselje.com/wp-content/uploads/2026/02/IMG-3a80e3879b5e21b7eafb63fd5e7a7f60-V.jpg","0","attachment","image/jpeg","0"
"534","1","2026-03-14 13:28:54","2026-03-14 13:28:54","","IMG-23dc13f0f56d2df406334a815b9764a2-V","","inherit","open","closed","","img-23dc13f0f56d2df406334a815b9764a2-v","","","2026-03-14 13:28:54","2026-03-14 13:28:54","","456","https://sportskoudruzenjenovonaselje.com/wp-content/uploads/2026/02/IMG-23dc13f0f56d2df406334a815b9764a2-V.jpg","0","attachment","image/jpeg","0"
"535","1","2026-03-14 13:32:13","2026-03-14 13:32:13","","WhatsApp Image 2026-02-08 at 18.30.05 (5)","","inherit","open","closed","","whatsapp-image-2026-02-08-at-18-30-05-5","","","2026-03-14 13:32:13","2026-03-14 13:32:13","","246","https://sportskoudruzenjenovonaselje.com/wp-content/uploads/2026/02/WhatsApp-Image-2026-02-08-at-18.30.05-5.jpeg","0","attachment","image/jpeg","0"
"536","1","2026-03-14 13:32:13","2026-03-14 13:32:13","","WhatsApp Image 2026-02-08 at 18.30.05 (6)","","inherit","open","closed","","whatsapp-image-2026-02-08-at-18-30-05-6","","","2026-03-14 13:32:13","2026-03-14 13:32:13","","246","https://sportskoudruzenjenovonaselje.com/wp-content/uploads/2026/02/WhatsApp-Image-2026-02-08-at-18.30.05-6.jpeg","0","attachment","image/jpeg","0"
"537","1","2026-03-14 13:32:14","2026-03-14 13:32:14","","WhatsApp Image 2026-02-08 at 18.30.05 (4)","","inherit","open","closed","","whatsapp-image-2026-02-08-at-18-30-05-4","","","2026-03-14 13:32:14","2026-03-14 13:32:14","","246","https://sportskoudruzenjenovonaselje.com/wp-content/uploads/2026/02/WhatsApp-Image-2026-02-08-at-18.30.05-4.jpeg","0","attachment","image/jpeg","0"
"538","1","2026-03-14 13:32:15","2026-03-14 13:32:15","","WhatsApp Image 2026-02-08 at 18.30.05","","inherit","open","closed","","whatsapp-image-2026-02-08-at-18-30-05-7","","","2026-03-14 13:32:15","2026-03-14 13:32:15","","246","https://sportskoudruzenjenovonaselje.com/wp-content/uploads/2026/02/WhatsApp-Image-2026-02-08-at-18.30.05-7.jpeg","0","attachment","image/jpeg","0"
"539","1","2026-03-14 13:32:15","2026-03-14 13:32:15","","WhatsApp Image 2026-02-08 at 18.30.05 (3)","","inherit","open","closed","","whatsapp-image-2026-02-08-at-18-30-05-3-2","","","2026-03-14 13:32:15","2026-03-14 13:32:15","","246","https://sportskoudruzenjenovonaselje.com/wp-content/uploads/2026/02/WhatsApp-Image-2026-02-08-at-18.30.05-3-1.jpeg","0","attachment","image/jpeg","0"
"540","1","2026-03-14 13:32:16","2026-03-14 13:32:16","","WhatsApp Image 2026-02-08 at 18.30.04","","inherit","open","closed","","whatsapp-image-2026-02-08-at-18-30-04-3","","","2026-03-14 13:32:16","2026-03-14 13:32:16","","246","https://sportskoudruzenjenovonaselje.com/wp-content/uploads/2026/02/WhatsApp-Image-2026-02-08-at-18.30.04-2.jpeg","0","attachment","image/jpeg","0"
"541","1","2026-03-14 13:32:17","2026-03-14 13:32:17","","WhatsApp Image 2026-02-08 at 18.30.05 (2)","","inherit","open","closed","","whatsapp-image-2026-02-08-at-18-30-05-2-3","","","2026-03-14 13:32:17","2026-03-14 13:32:17","","246","https://sportskoudruzenjenovonaselje.com/wp-content/uploads/2026/02/WhatsApp-Image-2026-02-08-at-18.30.05-2-1.webp","0","attachment","image/webp","0"
"542","1","2026-03-14 13:32:18","2026-03-14 13:32:18","","image00151","","inherit","open","closed","","image00151","","","2026-03-14 13:32:18","2026-03-14 13:32:18","","246","https://sportskoudruzenjenovonaselje.com/wp-content/uploads/2026/02/image00151.jpeg","0","attachment","image/jpeg","0"
"543","1","2026-03-14 13:32:19","2026-03-14 13:32:19","","WhatsApp Image 2026-02-08 at 18.30.05 (1)","","inherit","open","closed","","whatsapp-image-2026-02-08-at-18-30-05-1-3","","","2026-03-14 13:32:19","2026-03-14 13:32:19","","246","https://sportskoudruzenjenovonaselje.com/wp-content/uploads/2026/02/WhatsApp-Image-2026-02-08-at-18.30.05-1-1.webp","0","attachment","image/webp","0"
"544","1","2026-03-14 13:32:20","2026-03-14 13:32:20","","image00150","","inherit","open","closed","","image00150","","","2026-03-14 13:32:20","2026-03-14 13:32:20","","246","https://sportskoudruzenjenovonaselje.com/wp-content/uploads/2026/02/image00150.jpeg","0","attachment","image/jpeg","0"
"545","1","2026-03-14 13:45:27","2026-03-14 13:45:27","","81-IMG_0022","","inherit","open","closed","","81-img_0022","","","2026-03-14 13:45:27","2026-03-14 13:45:27","","254","https://sportskoudruzenjenovonaselje.com/wp-content/uploads/2026/02/81-IMG_0022.jpg","0","attachment","image/jpeg","0"
"546","1","2026-03-14 13:45:28","2026-03-14 13:45:28","","79-IMG_0024","","inherit","open","closed","","79-img_0024","","","2026-03-14 13:45:28","2026-03-14 13:45:28","","254","https://sportskoudruzenjenovonaselje.com/wp-content/uploads/2026/02/79-IMG_0024.jpg","0","attachment","image/jpeg","0"
"547","1","2026-03-14 13:45:30","2026-03-14 13:45:30","","78-IMG_0025","","inherit","open","closed","","78-img_0025","","","2026-03-14 13:45:30","2026-03-14 13:45:30","","254","https://sportskoudruzenjenovonaselje.com/wp-content/uploads/2026/02/78-IMG_0025.jpg","0","attachment","image/jpeg","0"
"548","1","2026-03-14 13:45:31","2026-03-14 13:45:31","","77-IMG_0026","","inherit","open","closed","","77-img_0026","","","2026-03-14 13:45:31","2026-03-14 13:45:31","","254","https://sportskoudruzenjenovonaselje.com/wp-content/uploads/2026/02/77-IMG_0026.jpg","0","attachment","image/jpeg","0"
"549","1","2026-03-14 13:45:33","2026-03-14 13:45:33","","80-IMG_0023","","inherit","open","closed","","80-img_0023","","","2026-03-14 13:45:33","2026-03-14 13:45:33","","254","https://sportskoudruzenjenovonaselje.com/wp-content/uploads/2026/02/80-IMG_0023.jpg","0","attachment","image/jpeg","0"
"550","1","2026-03-14 13:45:34","2026-03-14 13:45:34","","72-IMG_0031","","inherit","open","closed","","72-img_0031","","","2026-03-14 13:45:34","2026-03-14 13:45:34","","254","https://sportskoudruzenjenovonaselje.com/wp-content/uploads/2026/02/72-IMG_0031.jpg","0","attachment","image/jpeg","0"
"551","1","2026-03-14 13:45:35","2026-03-14 13:45:35","","73-IMG_0030","","inherit","open","closed","","73-img_0030","","","2026-03-14 13:45:35","2026-03-14 13:45:35","","254","https://sportskoudruzenjenovonaselje.com/wp-content/uploads/2026/02/73-IMG_0030.jpg","0","attachment","image/jpeg","0"
"552","1","2026-03-14 13:45:37","2026-03-14 13:45:37","","76-IMG_0027","","inherit","open","closed","","76-img_0027","","","2026-03-14 13:45:37","2026-03-14 13:45:37","","254","https://sportskoudruzenjenovonaselje.com/wp-content/uploads/2026/02/76-IMG_0027.jpg","0","attachment","image/jpeg","0"
"553","1","2026-03-14 13:45:38","2026-03-14 13:45:38","","75-IMG_0028","","inherit","open","closed","","75-img_0028","","","2026-03-14 13:45:38","2026-03-14 13:45:38","","254","https://sportskoudruzenjenovonaselje.com/wp-content/uploads/2026/02/75-IMG_0028.jpg","0","attachment","image/jpeg","0"
"554","1","2026-03-14 13:45:39","2026-03-14 13:45:39","","74-IMG_0029","","inherit","open","closed","","74-img_0029","","","2026-03-14 13:45:39","2026-03-14 13:45:39","","254","https://sportskoudruzenjenovonaselje.com/wp-content/uploads/2026/02/74-IMG_0029.jpg","0","attachment","image/jpeg","0"
"555","1","2026-03-14 13:54:39","2026-03-14 13:54:39","","image00014","","inherit","open","closed","","image00014-2","","","2026-03-14 13:54:39","2026-03-14 13:54:39","","240","https://sportskoudruzenjenovonaselje.com/wp-content/uploads/2026/02/image00014-1.jpeg","0","attachment","image/jpeg","0"
"556","1","2026-03-14 13:54:44","2026-03-14 13:54:44","","image00001","","inherit","open","closed","","image00001-2","","","2026-03-14 13:54:44","2026-03-14 13:54:44","","240","https://sportskoudruzenjenovonaselje.com/wp-content/uploads/2026/02/image00001-1.jpeg","0","attachment","image/jpeg","0"
"557","1","2026-03-14 13:54:50","2026-03-14 13:54:50","","image00009","","inherit","open","closed","","image00009-2","","","2026-03-14 13:54:50","2026-03-14 13:54:50","","240","https://sportskoudruzenjenovonaselje.com/wp-content/uploads/2026/02/image00009-1.jpeg","0","attachment","image/jpeg","0"
"558","1","2026-03-14 13:55:01","2026-03-14 13:55:01","","image00012","","inherit","open","closed","","image00012-2","","","2026-03-14 13:55:01","2026-03-14 13:55:01","","240","https://sportskoudruzenjenovonaselje.com/wp-content/uploads/2026/02/image00012-1.jpeg","0","attachment","image/jpeg","0"
"559","1","2026-03-14 13:55:05","2026-03-14 13:55:05","","82-IMG_0170","","inherit","open","closed","","82-img_0170-2","","","2026-03-14 13:55:05","2026-03-14 13:55:05","","240","https://sportskoudruzenjenovonaselje.com/wp-content/uploads/2026/02/82-IMG_0170.jpg","0","attachment","image/jpeg","0"
"560","1","2026-03-14 13:55:13","2026-03-14 13:55:13","","image00006","","inherit","open","closed","","image00006-2","","","2026-03-14 13:55:13","2026-03-14 13:55:13","","240","https://sportskoudruzenjenovonaselje.com/wp-content/uploads/2026/02/image00006-1.jpeg","0","attachment","image/jpeg","0"
"561","1","2026-03-14 13:55:23","2026-03-14 13:55:23","","image00002","","inherit","open","closed","","image00002-2","","","2026-03-14 13:55:23","2026-03-14 13:55:23","","240","https://sportskoudruzenjenovonaselje.com/wp-content/uploads/2026/02/image00002-1.jpeg","0","attachment","image/jpeg","0"
"564","1","2026-03-20 14:01:56","2026-03-20 14:01:56","","NS 3x3 Rekreativna liga 2026","","publish","closed","closed","","ns-3x3-rekreativna-liga-2026","","","2026-05-17 09:30:55","2026-05-17 09:30:55","","0","https://sportskoudruzenjenovonaselje.com/?post_type=btm_tournament&#038;p=564","0","btm_tournament","","0"
"565","2","2026-03-20 14:03:52","2026-03-20 14:03:52","","Pešini Klinci","","publish","closed","closed","","pesini-klinci","","","2026-03-20 14:05:21","2026-03-20 14:05:21","","0","https://sportskoudruzenjenovonaselje.com/?post_type=btm_team&#038;p=565","0","btm_team","","0"
"566","2","2026-03-20 14:03:43","2026-03-20 14:03:43","","pesini_klinci","","inherit","open","closed","","pesini_klinci","","","2026-03-20 14:03:43","2026-03-20 14:03:43","","565","https://sportskoudruzenjenovonaselje.com/wp-content/uploads/2026/03/pesini_klinci.webp","0","attachment","image/webp","0"
"567","2","2026-03-20 14:05:44","2026-03-20 14:05:44","","Rus","","publish","closed","closed","","rus","","","2026-03-20 14:06:54","2026-03-20 14:06:54","","0","https://sportskoudruzenjenovonaselje.com/?post_type=btm_team&#038;p=567","0","btm_team","","0"
"568","2","2026-03-20 14:05:41","2026-03-20 14:05:41","","rus","","inherit","open","closed","","rus","","","2026-03-20 14:05:41","2026-03-20 14:05:41","","567","https://sportskoudruzenjenovonaselje.com/wp-content/uploads/2026/03/rus.webp","0","attachment","image/webp","0"
"570","2","2026-03-20 14:07:20","2026-03-20 14:07:20","","povratak_jordana","","inherit","open","closed","","povratak_jordana","","","2026-03-20 14:07:20","2026-03-20 14:07:20","","0","https://sportskoudruzenjenovonaselje.com/wp-content/uploads/2026/03/povratak_jordana.webp","0","attachment","image/webp","0"
"571","2","2026-03-20 14:07:54","2026-03-20 14:07:54","","Povratak Jordana","","publish","closed","closed","","povratak-jordana","","","2026-03-20 14:08:59","2026-03-20 14:08:59","","0","https://sportskoudruzenjenovonaselje.com/?post_type=btm_team&#038;p=571","0","btm_team","","0"
"572","3","2026-03-20 14:09:37","2026-03-20 14:09:37","","Stari Futog","","publish","closed","closed","","stari-futog","","","2026-03-22 16:15:36","2026-03-22 16:15:36","","0","https://sportskoudruzenjenovonaselje.com/?post_type=btm_team&#038;p=572","0","btm_team","","0"
"573","3","2026-03-20 14:12:29","2026-03-20 14:12:29","","Indijana","","publish","closed","closed","","indijana","","","2026-03-22 16:13:43","2026-03-22 16:13:43","","0","https://sportskoudruzenjenovonaselje.com/?post_type=btm_team&#038;p=573","0","btm_team","","0"
"574","2","2026-03-20 14:14:03","2026-03-20 14:14:03","","Kazablanka","","publish","closed","closed","","kazablanka","","","2026-03-20 14:14:51","2026-03-20 14:14:51","","0","https://sportskoudruzenjenovonaselje.com/?post_type=btm_team&#038;p=574","0","btm_team","","0"
"575","2","2026-03-20 14:13:59","2026-03-20 14:13:59","","kaza_blanka","","inherit","open","closed","","kaza_blanka","","","2026-03-20 14:13:59","2026-03-20 14:13:59","","574","https://sportskoudruzenjenovonaselje.com/wp-content/uploads/2026/03/kaza_blanka.webp","0","attachment","image/webp","0"
"576","2","2026-03-20 14:15:14","2026-03-20 14:15:14","","Oaza 3x3","","publish","closed","closed","","oaza-3x3","","","2026-03-20 14:16:57","2026-03-20 14:16:57","","0","https://sportskoudruzenjenovonaselje.com/?post_type=btm_team&#038;p=576","0","btm_team","","0"
"577","2","2026-03-20 14:15:10","2026-03-20 14:15:10","","oaza","","inherit","open","closed","","oaza","","","2026-03-20 14:15:10","2026-03-20 14:15:10","","576","https://sportskoudruzenjenovonaselje.com/wp-content/uploads/2026/03/oaza.webp","0","attachment","image/webp","0"
"578","2","2026-03-20 14:17:35","2026-03-20 14:17:35","","Čoko Mleko","","publish","closed","closed","","coko-mleko","","","2026-05-06 12:57:57","2026-05-06 12:57:57","","0","https://sportskoudruzenjenovonaselje.com/?post_type=btm_team&#038;p=578","0","btm_team","","0"
"579","2","2026-03-20 14:17:29","2026-03-20 14:17:29","","coko_nleko","","inherit","open","closed","","coko_nleko","","","2026-03-20 14:17:29","2026-03-20 14:17:29","","578","https://sportskoudruzenjenovonaselje.com/wp-content/uploads/2026/03/coko_nleko.webp","0","attachment","image/webp","0"
"580","2","2026-03-20 14:19:02","2026-03-20 14:19:02","","Crni Obruč","","publish","closed","closed","","crni-obruc","","","2026-03-20 14:20:11","2026-03-20 14:20:11","","0","https://sportskoudruzenjenovonaselje.com/?post_type=btm_team&#038;p=580","0","btm_team","","0"
"581","2","2026-03-20 14:18:59","2026-03-20 14:18:59","","crni_obruc","","inherit","open","closed","","crni_obruc","","","2026-03-20 14:18:59","2026-03-20 14:18:59","","580","https://sportskoudruzenjenovonaselje.com/wp-content/uploads/2026/03/crni_obruc.webp","0","attachment","image/webp","0"
"582","2","2026-03-20 14:21:03","2026-03-20 14:21:03","","Virtus Sajmište","","publish","closed","closed","","virtus-sajmiste","","","2026-03-20 14:22:20","2026-03-20 14:22:20","","0","https://sportskoudruzenjenovonaselje.com/?post_type=btm_team&#038;p=582","0","btm_team","","0"
"583","2","2026-03-20 14:21:00","2026-03-20 14:21:00","","virtus_sajmiste","","inherit","open","closed","","virtus_sajmiste","","","2026-03-20 14:21:00","2026-03-20 14:21:00","","582","https://sportskoudruzenjenovonaselje.com/wp-content/uploads/2026/03/virtus_sajmiste.webp","0","attachment","image/webp","0"
"584","2","2026-03-20 14:22:43","2026-03-20 14:22:43","","Đedasi","","publish","closed","closed","","dedasi","","","2026-03-20 14:23:28","2026-03-20 14:23:28","","0","https://sportskoudruzenjenovonaselje.com/?post_type=btm_team&#038;p=584","0","btm_team","","0"
"585","2","2026-03-20 14:22:40","2026-03-20 14:22:40","","djedasi","","inherit","open","closed","","djedasi","","","2026-03-20 14:22:40","2026-03-20 14:22:40","","584","https://sportskoudruzenjenovonaselje.com/wp-content/uploads/2026/03/djedasi.webp","0","attachment","image/webp","0"
"586","3","2026-03-20 14:24:01","2026-03-20 14:24:01","","Vilidžeri","","publish","closed","closed","","vilidzeri","","","2026-03-22 16:16:18","2026-03-22 16:16:18","","0","https://sportskoudruzenjenovonaselje.com/?post_type=btm_team&#038;p=586","0","btm_team","","0"
"587","2","2026-03-20 14:25:19","2026-03-20 14:25:19","","Cimeri","","publish","closed","closed","","cimeri","","","2026-03-20 14:26:05","2026-03-20 14:26:05","","0","https://sportskoudruzenjenovonaselje.com/?post_type=btm_team&#038;p=587","0","btm_team","","0"
"588","2","2026-03-20 14:25:16","2026-03-20 14:25:16","","cimeri","","inherit","open","closed","","cimeri","","","2026-03-20 14:25:16","2026-03-20 14:25:16","","587","https://sportskoudruzenjenovonaselje.com/wp-content/uploads/2026/03/cimeri.webp","0","attachment","image/webp","0"
"589","2","2026-03-20 14:26:26","2026-03-20 14:26:26","","Valencia Basket","","publish","closed","closed","","valencia-basket","","","2026-03-20 14:27:35","2026-03-20 14:27:35","","0","https://sportskoudruzenjenovonaselje.com/?post_type=btm_team&#038;p=589","0","btm_team","","0"
"590","2","2026-03-20 14:26:22","2026-03-20 14:26:22","","valencia","","inherit","open","closed","","valencia","","","2026-03-20 14:26:22","2026-03-20 14:26:22","","589","https://sportskoudruzenjenovonaselje.com/wp-content/uploads/2026/03/valencia.webp","0","attachment","image/webp","0"
"591","3","2026-03-20 14:27:54","2026-03-20 14:27:54","","Lejkersi","","publish","closed","closed","","lejkerski","","","2026-03-24 15:45:31","2026-03-24 15:45:31","","0","https://sportskoudruzenjenovonaselje.com/?post_type=btm_team&#038;p=591","0","btm_team","","0"
"592","2","2026-03-20 14:27:50","2026-03-20 14:27:50","","l_logo","","inherit","open","closed","","l_logo","","","2026-03-20 14:27:50","2026-03-20 14:27:50","","591","https://sportskoudruzenjenovonaselje.com/wp-content/uploads/2026/03/l_logo.webp","0","attachment","image/webp","0"
"593","2","2026-03-20 14:30:03","2026-03-20 14:30:03","","KK Novo Naselje","","publish","closed","closed","","kk-novo-naselje","","","2026-03-20 14:30:54","2026-03-20 14:30:54","","0","https://sportskoudruzenjenovonaselje.com/?post_type=btm_team&#038;p=593","0","btm_team","","0"
"594","2","2026-03-20 14:30:00","2026-03-20 14:30:00","","novo_naselje_kk","","inherit","open","closed","","novo_naselje_kk","","","2026-03-20 14:30:00","2026-03-20 14:30:00","","593","https://sportskoudruzenjenovonaselje.com/wp-content/uploads/2026/03/novo_naselje_kk.webp","0","attachment","image/webp","0"
"595","1","2026-03-20 14:31:21","2026-03-20 14:31:21","<!-- wp:paragraph -->
<p></p>
<!-- /wp:paragraph -->

<!-- wp:paragraph -->
<p></p>
<!-- /wp:paragraph -->","AdVerto","","publish","closed","closed","","micigen","","","2026-06-01 15:32:01","2026-06-01 15:32:01","","0","https://sportskoudruzenjenovonaselje.com/?post_type=btm_team&#038;p=595","0","btm_team","","0"
"596","2","2026-03-20 14:31:18","2026-03-20 14:31:18","","m_logo","","inherit","open","closed","","m_logo","","","2026-03-20 14:31:18","2026-03-20 14:31:18","","595","https://sportskoudruzenjenovonaselje.com/wp-content/uploads/2026/03/m_logo.webp","0","attachment","image/webp","0"
"597","2","2026-03-20 14:32:35","2026-03-20 14:32:35","","Maine Hornets","","publish","closed","closed","","maine-hornets","","","2026-03-20 14:33:30","2026-03-20 14:33:30","","0","https://sportskoudruzenjenovonaselje.com/?post_type=btm_team&#038;p=597","0","btm_team","","0"
"598","2","2026-03-20 14:32:32","2026-03-20 14:32:32","","maine_hornets","","inherit","open","closed","","maine_hornets","","","2026-03-20 14:32:32","2026-03-20 14:32:32","","597","https://sportskoudruzenjenovonaselje.com/wp-content/uploads/2026/03/maine_hornets.webp","0","attachment","image/webp","0"
"606","3","2026-03-21 13:33:47","2026-03-21 13:33:47","","Caffe Club M","","publish","closed","closed","","caffe-club-m","","","2026-03-22 16:12:35","2026-03-22 16:12:35","","0","https://sportskoudruzenjenovonaselje.com/?post_type=btm_team&#038;p=606","0","btm_team","","0"
"607","3","2026-03-22 15:55:12","2026-03-22 15:55:12","","Pacijenti 3x3","","publish","closed","closed","","pacijenti-3x3","","","2026-03-22 16:14:37","2026-03-22 16:14:37","","0","https://sportskoudruzenjenovonaselje.com/?post_type=btm_team&#038;p=607","0","btm_team","","0"
"608","3","2026-03-22 16:12:19","2026-03-22 16:12:19","","19 R Caffe Club M","","inherit","open","closed","","19-r-caffe-club-m","","","2026-03-22 16:12:19","2026-03-22 16:12:19","","606","https://sportskoudruzenjenovonaselje.com/wp-content/uploads/2026/03/19-R-Caffe-Club-M.jpeg","0","attachment","image/jpeg","0"
"609","3","2026-03-22 16:13:38","2026-03-22 16:13:38","","5 R Indijana","","inherit","open","closed","","5-r-indijana","","","2026-03-22 16:13:38","2026-03-22 16:13:38","","573","https://sportskoudruzenjenovonaselje.com/wp-content/uploads/2026/03/5-R-Indijana.jpeg","0","attachment","image/jpeg","0"
"610","3","2026-03-22 16:14:28","2026-03-22 16:14:28","","20 R Pacijenti 3x3 (1)","","inherit","open","closed","","20-r-pacijenti-3x3-1","","","2026-03-22 16:14:28","2026-03-22 16:14:28","","607","https://sportskoudruzenjenovonaselje.com/wp-content/uploads/2026/03/20-R-Pacijenti-3x3-1.jpeg","0","attachment","image/jpeg","0"
"611","3","2026-03-22 16:15:27","2026-03-22 16:15:27","","4 R Stari futog","","inherit","open","closed","","4-r-stari-futog","","","2026-03-22 16:15:27","2026-03-22 16:15:27","","572","https://sportskoudruzenjenovonaselje.com/wp-content/uploads/2026/03/4-R-Stari-futog.jpeg","0","attachment","image/jpeg","0"
"612","3","2026-03-22 16:16:10","2026-03-22 16:16:10","","12 R Vilidzeri","","inherit","open","closed","","12-r-vilidzeri","","","2026-03-22 16:16:10","2026-03-22 16:16:10","","586","https://sportskoudruzenjenovonaselje.com/wp-content/uploads/2026/03/12-R-Vilidzeri.jpeg","0","attachment","image/jpeg","0"
"614","3","2026-03-22 18:10:23","2026-03-22 18:10:23","","virtus sajmiste - lav terzin","","inherit","open","closed","","virtus-sajmiste-lav-terzin","","","2026-03-22 18:10:23","2026-03-22 18:10:23","","0","https://sportskoudruzenjenovonaselje.com/wp-content/uploads/2026/03/virtus-sajmiste-lav-terzin.png","0","attachment","image/png","0"
"615","3","2026-03-22 18:16:31","2026-03-22 18:16:31","","virtus sajmiste - luka radojicic","","inherit","open","closed","","virtus-sajmiste-luka-radojicic","","","2026-03-22 18:16:31","2026-03-22 18:16:31","","0","https://sportskoudruzenjenovonaselje.com/wp-content/uploads/2026/03/virtus-sajmiste-luka-radojicic.jpg","0","attachment","image/jpeg","0"
"616","3","2026-03-22 18:17:29","2026-03-22 18:17:29","","virtus sajmiste - stefan milic","","inherit","open","closed","","virtus-sajmiste-stefan-milic","","","2026-03-22 18:17:29","2026-03-22 18:17:29","","0","https://sportskoudruzenjenovonaselje.com/wp-content/uploads/2026/03/virtus-sajmiste-stefan-milic.jpg","0","attachment","image/jpeg","0"
"617","3","2026-03-22 18:18:57","2026-03-22 18:18:57","","virtus sajmiste - milos djuric","","inherit","open","closed","","virtus-sajmiste-milos-djuric","","","2026-03-22 18:18:57","2026-03-22 18:18:57","","0","https://sportskoudruzenjenovonaselje.com/wp-content/uploads/2026/03/virtus-sajmiste-milos-djuric.jpg","0","attachment","image/jpeg","0"
"618","3","2026-03-22 18:21:06","2026-03-22 18:21:06","","micigen wolverines - dimitrije dici vrhovac","","inherit","open","closed","","micigen-wolverines-dimitrije-dici-vrhovac","","","2026-03-22 18:21:06","2026-03-22 18:21:06","","0","https://sportskoudruzenjenovonaselje.com/wp-content/uploads/2026/03/micigen-wolverines-dimitrije-dici-vrhovac.jpg","0","attachment","image/jpeg","0"
"619","3","2026-03-22 18:21:59","2026-03-22 18:21:59","","micigen wolverines - milan kovacevic","","inherit","open","closed","","micigen-wolverines-milan-kovacevic","","","2026-03-22 18:21:59","2026-03-22 18:21:59","","0","https://sportskoudruzenjenovonaselje.com/wp-content/uploads/2026/03/micigen-wolverines-milan-kovacevic.jpg","0","attachment","image/jpeg","0"
"620","3","2026-03-22 18:22:26","2026-03-22 18:22:26","","micigen wolverines - ivan kondic","","inherit","open","closed","","micigen-wolverines-ivan-kondic","","","2026-03-22 18:22:26","2026-03-22 18:22:26","","0","https://sportskoudruzenjenovonaselje.com/wp-content/uploads/2026/03/micigen-wolverines-ivan-kondic.jpg","0","attachment","image/jpeg","0"
"621","3","2026-03-22 18:24:09","2026-03-22 18:24:09","","valensija - dragoljub vukajlovic","","inherit","open","closed","","valensija-dragoljub-vukajlovic","","","2026-03-22 18:24:09","2026-03-22 18:24:09","","0","https://sportskoudruzenjenovonaselje.com/wp-content/uploads/2026/03/valensija-dragoljub-vukajlovic.jpg","0","attachment","image/jpeg","0"
"622","3","2026-03-22 18:24:30","2026-03-22 18:24:30","","valensija - dusan damjanovic","","inherit","open","closed","","valensija-dusan-damjanovic","","","2026-03-22 18:24:30","2026-03-22 18:24:30","","0","https://sportskoudruzenjenovonaselje.com/wp-content/uploads/2026/03/valensija-dusan-damjanovic.jpg","0","attachment","image/jpeg","0"
"623","3","2026-03-22 18:24:39","2026-03-22 18:24:39","","valensija - dusan stojanovic","","inherit","open","closed","","valensija-dusan-stojanovic","","","2026-03-22 18:24:39","2026-03-22 18:24:39","","0","https://sportskoudruzenjenovonaselje.com/wp-content/uploads/2026/03/valensija-dusan-stojanovic.jpg","0","attachment","image/jpeg","0"
"624","3","2026-03-22 18:25:22","2026-03-22 18:25:22","","valensija - mateja gogic","","inherit","open","closed","","valensija-mateja-gogic","","","2026-03-22 18:25:22","2026-03-22 18:25:22","","0","https://sportskoudruzenjenovonaselje.com/wp-content/uploads/2026/03/valensija-mateja-gogic.jpg","0","attachment","image/jpeg","0"
"625","3","2026-03-22 18:26:06","2026-03-22 18:26:06","","valensija - dusan damjanovic","","inherit","open","closed","","valensija-dusan-damjanovic-2","","","2026-03-22 18:26:06","2026-03-22 18:26:06","","0","https://sportskoudruzenjenovonaselje.com/wp-content/uploads/2026/03/valensija-dusan-damjanovic-1.jpg","0","attachment","image/jpeg","0"
"626","3","2026-03-22 18:27:22","2026-03-22 18:27:22","","cimeri","","inherit","open","closed","","cimeri-2","","","2026-03-22 18:27:22","2026-03-22 18:27:22","","0","https://sportskoudruzenjenovonaselje.com/wp-content/uploads/2026/03/cimeri.jpg","0","attachment","image/jpeg","0"
"627","3","2026-03-22 18:27:59","2026-03-22 18:27:59","","IMG-bca6ec7ffb088c4923e1552643dd8e4e-V","","inherit","open","closed","","img-bca6ec7ffb088c4923e1552643dd8e4e-v","","","2026-03-22 18:27:59","2026-03-22 18:27:59","","0","https://sportskoudruzenjenovonaselje.com/wp-content/uploads/2026/03/IMG-bca6ec7ffb088c4923e1552643dd8e4e-V.jpg","0","attachment","image/jpeg","0"
"628","3","2026-03-22 18:28:15","2026-03-22 18:28:15","","cimeri 3","","inherit","open","closed","","cimeri-3","","","2026-03-22 18:28:15","2026-03-22 18:28:15","","0","https://sportskoudruzenjenovonaselje.com/wp-content/uploads/2026/03/cimeri-3.jpg","0","attachment","image/jpeg","0"
"629","3","2026-03-22 18:28:58","2026-03-22 18:28:58","","djedasi 2","","inherit","open","closed","","djedasi-2","","","2026-03-22 18:28:58","2026-03-22 18:28:58","","0","https://sportskoudruzenjenovonaselje.com/wp-content/uploads/2026/03/djedasi-2.jpg","0","attachment","image/jpeg","0"
"630","3","2026-03-22 18:29:18","2026-03-22 18:29:18","","djedasi 4","","inherit","open","closed","","djedasi-4","","","2026-03-22 18:29:18","2026-03-22 18:29:18","","0","https://sportskoudruzenjenovonaselje.com/wp-content/uploads/2026/03/djedasi-4.jpg","0","attachment","image/jpeg","0"
"631","3","2026-03-22 18:31:08","2026-03-22 18:31:08","","coko mleko - luka horvat","","inherit","open","closed","","coko-mleko-luka-horvat","","","2026-03-22 18:31:08","2026-03-22 18:31:08","","0","https://sportskoudruzenjenovonaselje.com/wp-content/uploads/2026/03/coko-mleko-luka-horvat.png","0","attachment","image/png","0"
"632","3","2026-03-22 18:31:11","2026-03-22 18:31:11","","coko mleko - matija subic","","inherit","open","closed","","coko-mleko-matija-subic","","","2026-03-22 18:31:11","2026-03-22 18:31:11","","0","https://sportskoudruzenjenovonaselje.com/wp-content/uploads/2026/03/coko-mleko-matija-subic.jpg","0","attachment","image/jpeg","0"
"633","3","2026-03-22 18:31:13","2026-03-22 18:31:13","","coko mleko - vuk jocanovic","","inherit","open","closed","","coko-mleko-vuk-jocanovic","","","2026-03-22 18:31:13","2026-03-22 18:31:13","","0","https://sportskoudruzenjenovonaselje.com/wp-content/uploads/2026/03/coko-mleko-vuk-jocanovic.jpg","0","attachment","image/jpeg","0"
"634","3","2026-03-22 18:31:16","2026-03-22 18:31:16","","cokoo mleko - budislav naumov","","inherit","open","closed","","cokoo-mleko-budislav-naumov","","","2026-03-22 18:31:16","2026-03-22 18:31:16","","0","https://sportskoudruzenjenovonaselje.com/wp-content/uploads/2026/03/cokoo-mleko-budislav-naumov.jpg","0","attachment","image/jpeg","0"
"635","3","2026-03-22 18:31:18","2026-03-22 18:31:18","","djedasi 2","","inherit","open","closed","","djedasi-2-2","","","2026-03-22 18:31:18","2026-03-22 18:31:18","","0","https://sportskoudruzenjenovonaselje.com/wp-content/uploads/2026/03/djedasi-2-1.jpg","0","attachment","image/jpeg","0"
"636","3","2026-03-22 18:31:21","2026-03-22 18:31:21","","djedasi 33","","inherit","open","closed","","djedasi-33","","","2026-03-22 18:31:21","2026-03-22 18:31:21","","0","https://sportskoudruzenjenovonaselje.com/wp-content/uploads/2026/03/djedasi-33.jpg","0","attachment","image/jpeg","0"
"637","3","2026-03-22 18:31:23","2026-03-22 18:31:23","","djedasi","","inherit","open","closed","","djedasi-3","","","2026-03-22 18:31:23","2026-03-22 18:31:23","","0","https://sportskoudruzenjenovonaselje.com/wp-content/uploads/2026/03/djedasi.jpg","0","attachment","image/jpeg","0"
"638","3","2026-03-22 18:31:26","2026-03-22 18:31:26","","mihajlo popovic - stari futog","","inherit","open","closed","","mihajlo-popovic-stari-futog","","","2026-03-22 18:31:26","2026-03-22 18:31:26","","0","https://sportskoudruzenjenovonaselje.com/wp-content/uploads/2026/03/mihajlo-popovic-stari-futog.jpg","0","attachment","image/jpeg","0"
"639","3","2026-03-22 18:31:28","2026-03-22 18:31:28","","nemanja omcikus - stari futog","","inherit","open","closed","","nemanja-omcikus-stari-futog","","","2026-03-22 18:31:28","2026-03-22 18:31:28","","0","https://sportskoudruzenjenovonaselje.com/wp-content/uploads/2026/03/nemanja-omcikus-stari-futog.jpg","0","attachment","image/jpeg","0"
"640","3","2026-03-22 18:31:31","2026-03-22 18:31:31","","nikola culibrk - stari futog","","inherit","open","closed","","nikola-culibrk-stari-futog","","","2026-03-22 18:31:31","2026-03-22 18:31:31","","0","https://sportskoudruzenjenovonaselje.com/wp-content/uploads/2026/03/nikola-culibrk-stari-futog.jpg","0","attachment","image/jpeg","0"
"641","3","2026-03-22 18:31:33","2026-03-22 18:31:33","","nikola culibrk 1 - stari futog","","inherit","open","closed","","nikola-culibrk-1-stari-futog","","","2026-03-22 18:31:33","2026-03-22 18:31:33","","0","https://sportskoudruzenjenovonaselje.com/wp-content/uploads/2026/03/nikola-culibrk-1-stari-futog.jpg","0","attachment","image/jpeg","0"
"642","3","2026-03-22 18:31:36","2026-03-22 18:31:36","","povratak jordana - aleksa antic","","inherit","open","closed","","povratak-jordana-aleksa-antic","","","2026-03-22 18:31:36","2026-03-22 18:31:36","","0","https://sportskoudruzenjenovonaselje.com/wp-content/uploads/2026/03/povratak-jordana-aleksa-antic.jpg","0","attachment","image/jpeg","0"
"643","3","2026-03-22 18:31:39","2026-03-22 18:31:39","","povratak jordana - aleksa korpas","","inherit","open","closed","","povratak-jordana-aleksa-korpas","","","2026-03-22 18:31:39","2026-03-22 18:31:39","","0","https://sportskoudruzenjenovonaselje.com/wp-content/uploads/2026/03/povratak-jordana-aleksa-korpas.jpg","0","attachment","image/jpeg","0"
"644","3","2026-03-22 18:31:41","2026-03-22 18:31:41","","povratak jordana - david pantelic","","inherit","open","closed","","povratak-jordana-david-pantelic","","","2026-03-22 18:31:41","2026-03-22 18:31:41","","0","https://sportskoudruzenjenovonaselje.com/wp-content/uploads/2026/03/povratak-jordana-david-pantelic.jpg","0","attachment","image/jpeg","0"
"645","3","2026-03-22 18:31:44","2026-03-22 18:31:44","","povratak jordana - nikola korpas","","inherit","open","closed","","povratak-jordana-nikola-korpas","","","2026-03-22 18:31:44","2026-03-22 18:31:44","","0","https://sportskoudruzenjenovonaselje.com/wp-content/uploads/2026/03/povratak-jordana-nikola-korpas.jpg","0","attachment","image/jpeg","0"
"646","3","2026-03-22 18:31:46","2026-03-22 18:31:46","","uros jelicic - stari futog","","inherit","open","closed","","uros-jelicic-stari-futog","","","2026-03-22 18:31:46","2026-03-22 18:31:46","","0","https://sportskoudruzenjenovonaselje.com/wp-content/uploads/2026/03/uros-jelicic-stari-futog.jpg","0","attachment","image/jpeg","0"
"648","3","2026-03-23 15:14:03","2026-03-23 15:14:03","","Krigla United","","publish","closed","closed","","krigla-united","","","2026-03-23 15:14:10","2026-03-23 15:14:10","","0","https://sportskoudruzenjenovonaselje.com/?post_type=btm_team&#038;p=648","0","btm_team","","0"
"649","3","2026-03-23 15:13:57","2026-03-23 15:13:57","","21 R Krigla United (1)","","inherit","open","closed","","21-r-krigla-united-1","","","2026-03-23 15:13:57","2026-03-23 15:13:57","","648","https://sportskoudruzenjenovonaselje.com/wp-content/uploads/2026/03/21-R-Krigla-United-1.jpeg","0","attachment","image/jpeg","0"
"650","3","2026-03-23 15:14:52","2026-03-23 15:14:52","","Poskoci","","publish","closed","closed","","poskoci","","","2026-03-23 15:14:52","2026-03-23 15:14:52","","0","https://sportskoudruzenjenovonaselje.com/?post_type=btm_team&#038;p=650","0","btm_team","","0"
"651","3","2026-03-23 15:14:37","2026-03-23 15:14:37","","WhatsApp Image 2026-03-23 at 15.34.02","","inherit","open","closed","","whatsapp-image-2026-03-23-at-15-34-02","","","2026-03-23 15:14:37","2026-03-23 15:14:37","","650","https://sportskoudruzenjenovonaselje.com/wp-content/uploads/2026/03/WhatsApp-Image-2026-03-23-at-15.34.02.jpeg","0","attachment","image/jpeg","0"
"653","1","2026-03-23 17:08:17","2026-03-23 17:08:17","","NS 3x3 Pro liga 2026","","publish","closed","closed","","ns-3x3-pro-liga-2026","","","2026-06-01 14:46:22","2026-06-01 14:46:22","","0","https://sportskoudruzenjenovonaselje.com/?post_type=btm_tournament&#038;p=653","0","btm_tournament","","0"
"654","6","2026-03-24 16:14:16","2026-03-24 16:14:16","","Sremci","","publish","closed","closed","","sremci","","","2026-04-09 16:32:27","2026-04-09 16:32:27","","0","https://sportskoudruzenjenovonaselje.com/?post_type=btm_team&#038;p=654","0","btm_team","","0"
"656","3","2026-03-24 16:19:35","2026-03-24 16:19:35","","8BC5A6A2-E6DE-4335-903D-2484F21318F0","","inherit","open","closed","","8bc5a6a2-e6de-4335-903d-2484f21318f0","","","2026-03-24 16:19:35","2026-03-24 16:19:35","","654","https://sportskoudruzenjenovonaselje.com/wp-content/uploads/2026/03/8BC5A6A2-E6DE-4335-903D-2484F21318F0.jpeg","0","attachment","image/jpeg","0"
"660","3","2026-03-24 16:36:13","2026-03-24 16:36:13","","IMG-8de9de166e4443559e8e8fefd183527f-V","","inherit","open","closed","","img-8de9de166e4443559e8e8fefd183527f-v","","","2026-03-24 16:36:13","2026-03-24 16:36:13","","0","https://sportskoudruzenjenovonaselje.com/wp-content/uploads/2026/03/IMG-8de9de166e4443559e8e8fefd183527f-V.jpg","0","attachment","image/jpeg","0"
"661","3","2026-03-24 16:36:50","2026-03-24 16:36:50","","IMG-0896e9cc375f68822eb52cf4db205bed-V","","inherit","open","closed","","img-0896e9cc375f68822eb52cf4db205bed-v","","","2026-03-24 16:36:50","2026-03-24 16:36:50","","0","https://sportskoudruzenjenovonaselje.com/wp-content/uploads/2026/03/IMG-0896e9cc375f68822eb52cf4db205bed-V.jpg","0","attachment","image/jpeg","0"
"662","3","2026-03-24 16:37:15","2026-03-24 16:37:15","","IMG-8c1ea8f54182a5f9e1cc9f3ce0b3dabe-V","","inherit","open","closed","","img-8c1ea8f54182a5f9e1cc9f3ce0b3dabe-v","","","2026-03-24 16:37:15","2026-03-24 16:37:15","","0","https://sportskoudruzenjenovonaselje.com/wp-content/uploads/2026/03/IMG-8c1ea8f54182a5f9e1cc9f3ce0b3dabe-V.jpg","0","attachment","image/jpeg","0"
"663","3","2026-03-24 16:37:44","2026-03-24 16:37:44","","IMG-1a571ad3d0bbf3f8b8e0bb318aa30939-V","","inherit","open","closed","","img-1a571ad3d0bbf3f8b8e0bb318aa30939-v","","","2026-03-24 16:37:44","2026-03-24 16:37:44","","0","https://sportskoudruzenjenovonaselje.com/wp-content/uploads/2026/03/IMG-1a571ad3d0bbf3f8b8e0bb318aa30939-V.jpg","0","attachment","image/jpeg","0"
"666","2","2026-03-27 13:59:47","2026-03-27 13:59:47","","Dodo picerija","","publish","closed","closed","","dodo-picerija","","","2026-03-27 13:59:47","2026-03-27 13:59:47","","0","https://sportskoudruzenjenovonaselje.com/?post_type=btm_sponzor&#038;p=666","0","btm_sponzor","","0"
"667","2","2026-03-27 13:59:14","2026-03-27 13:59:14","","Dodo pizza sponzor 3x3 Basket Lige","","inherit","open","closed","","sponzor_04-2","","","2026-03-27 13:59:45","2026-03-27 13:59:45","","666","https://sportskoudruzenjenovonaselje.com/wp-content/uploads/2026/03/sponzor_04-1.jpg","0","attachment","image/jpeg","0"
"669","2","2026-03-27 14:03:08","2026-03-27 14:03:08","","ProPrint","","publish","closed","closed","","proprint","","","2026-03-27 14:03:08","2026-03-27 14:03:08","","0","https://sportskoudruzenjenovonaselje.com/?post_type=btm_sponzor&#038;p=669","0","btm_sponzor","","0"
"670","2","2026-03-27 14:02:38","2026-03-27 14:02:38","","ProPrint sponzor 3x3 Basket Lige","","inherit","open","closed","","sponzor_05","","","2026-03-27 14:03:02","2026-03-27 14:03:02","","669","https://sportskoudruzenjenovonaselje.com/wp-content/uploads/2026/03/sponzor_05.jpg","0","attachment","image/jpeg","0"
"672","3","2026-03-27 14:40:34","2026-03-27 14:40:34","","POTKOZARJE","","publish","closed","closed","","potkozarje","","","2026-04-05 12:45:05","2026-04-05 12:45:05","","0","https://sportskoudruzenjenovonaselje.com/?post_type=btm_team&#038;p=672","0","btm_team","","0"
"673","3","2026-03-28 16:21:29","2026-03-28 16:21:29","","IMG-6871765a6e51c06ceb014b8b6a83ec99-V","","inherit","open","closed","","img-6871765a6e51c06ceb014b8b6a83ec99-v","","","2026-03-28 16:21:29","2026-03-28 16:21:29","","0","https://sportskoudruzenjenovonaselje.com/wp-content/uploads/2026/03/IMG-6871765a6e51c06ceb014b8b6a83ec99-V.jpg","0","attachment","image/jpeg","0"
"674","3","2026-03-28 16:22:21","2026-03-28 16:22:21","","IMG-5f11cfb45beac7afe1f3a7ea14dc7e4c-V","","inherit","open","closed","","img-5f11cfb45beac7afe1f3a7ea14dc7e4c-v","","","2026-03-28 16:22:21","2026-03-28 16:22:21","","0","https://sportskoudruzenjenovonaselje.com/wp-content/uploads/2026/03/IMG-5f11cfb45beac7afe1f3a7ea14dc7e4c-V.jpg","0","attachment","image/jpeg","0"
"675","3","2026-03-28 16:23:56","2026-03-28 16:23:56","","IMG-09b293da200526cff812ac827a681d86-V","","inherit","open","closed","","img-09b293da200526cff812ac827a681d86-v","","","2026-03-28 16:23:56","2026-03-28 16:23:56","","0","https://sportskoudruzenjenovonaselje.com/wp-content/uploads/2026/03/IMG-09b293da200526cff812ac827a681d86-V.jpg","0","attachment","image/jpeg","0"
"676","3","2026-03-28 16:24:57","2026-03-28 16:24:57","","IMG-04650db12128381cb16c67dd56ef4273-V","","inherit","open","closed","","img-04650db12128381cb16c67dd56ef4273-v","","","2026-03-28 16:24:57","2026-03-28 16:24:57","","0","https://sportskoudruzenjenovonaselje.com/wp-content/uploads/2026/03/IMG-04650db12128381cb16c67dd56ef4273-V.jpg","0","attachment","image/jpeg","0"
"677","3","2026-03-28 16:29:22","2026-03-28 16:29:22","","IMG-577c0fd93dd80c1fc8cdb4402ffd6611-V","","inherit","open","closed","","img-577c0fd93dd80c1fc8cdb4402ffd6611-v","","","2026-03-28 16:29:22","2026-03-28 16:29:22","","0","https://sportskoudruzenjenovonaselje.com/wp-content/uploads/2026/03/IMG-577c0fd93dd80c1fc8cdb4402ffd6611-V.jpg","0","attachment","image/jpeg","0"
"680","3","2026-03-29 11:41:30","2026-03-29 11:41:30","","image00232","","inherit","open","closed","","image00232","","","2026-03-29 11:41:30","2026-03-29 11:41:30","","0","https://sportskoudruzenjenovonaselje.com/wp-content/uploads/2026/03/image00232.jpeg","0","attachment","image/jpeg","0"
"681","3","2026-03-29 11:42:24","2026-03-29 11:42:24","","image00234","","inherit","open","closed","","image00234","","","2026-03-29 11:42:24","2026-03-29 11:42:24","","0","https://sportskoudruzenjenovonaselje.com/wp-content/uploads/2026/03/image00234.jpeg","0","attachment","image/jpeg","0"
"682","3","2026-03-29 11:45:10","2026-03-29 11:45:10","","image00236","","inherit","open","closed","","image00236","","","2026-03-29 11:45:10","2026-03-29 11:45:10","","0","https://sportskoudruzenjenovonaselje.com/wp-content/uploads/2026/03/image00236.jpeg","0","attachment","image/jpeg","0"
"683","3","2026-03-29 11:46:01","2026-03-29 11:46:01","","image00229","","inherit","open","closed","","image00229","","","2026-03-29 11:46:01","2026-03-29 11:46:01","","0","https://sportskoudruzenjenovonaselje.com/wp-content/uploads/2026/03/image00229.jpeg","0","attachment","image/jpeg","0"
"684","3","2026-03-29 11:47:44","2026-03-29 11:47:44","","image00210","","inherit","open","closed","","image00210","","","2026-03-29 11:47:44","2026-03-29 11:47:44","","0","https://sportskoudruzenjenovonaselje.com/wp-content/uploads/2026/03/image00210.jpeg","0","attachment","image/jpeg","0"
"685","3","2026-03-29 11:48:32","2026-03-29 11:48:32","","image00209","","inherit","open","closed","","image00209","","","2026-03-29 11:48:32","2026-03-29 11:48:32","","0","https://sportskoudruzenjenovonaselje.com/wp-content/uploads/2026/03/image00209.jpeg","0","attachment","image/jpeg","0"
"686","3","2026-03-29 11:49:01","2026-03-29 11:49:01","","image00212","","inherit","open","closed","","image00212","","","2026-03-29 11:49:01","2026-03-29 11:49:01","","0","https://sportskoudruzenjenovonaselje.com/wp-content/uploads/2026/03/image00212.jpeg","0","attachment","image/jpeg","0"
"687","3","2026-03-29 11:58:06","2026-03-29 11:58:06","","image00186","","inherit","open","closed","","image00186","","","2026-03-29 11:58:06","2026-03-29 11:58:06","","0","https://sportskoudruzenjenovonaselje.com/wp-content/uploads/2026/03/image00186.jpeg","0","attachment","image/jpeg","0"
"688","3","2026-03-31 20:20:57","2026-03-31 20:20:57","","image00216","","inherit","open","closed","","image00216","","","2026-03-31 20:20:57","2026-03-31 20:20:57","","0","https://sportskoudruzenjenovonaselje.com/wp-content/uploads/2026/03/image00216.jpeg","0","attachment","image/jpeg","0"
"689","3","2026-03-31 20:27:41","2026-03-31 20:27:41","","image00214","","inherit","open","closed","","image00214","","","2026-03-31 20:27:41","2026-03-31 20:27:41","","0","https://sportskoudruzenjenovonaselje.com/wp-content/uploads/2026/03/image00214.jpeg","0","attachment","image/jpeg","0"
"690","3","2026-03-31 20:28:20","2026-03-31 20:28:20","","image00219","","inherit","open","closed","","image00219","","","2026-03-31 20:28:20","2026-03-31 20:28:20","","0","https://sportskoudruzenjenovonaselje.com/wp-content/uploads/2026/03/image00219.jpeg","0","attachment","image/jpeg","0"
"691","3","2026-03-31 20:29:12","2026-03-31 20:29:12","","image00221","","inherit","open","closed","","image00221","","","2026-03-31 20:29:12","2026-03-31 20:29:12","","0","https://sportskoudruzenjenovonaselje.com/wp-content/uploads/2026/03/image00221.jpeg","0","attachment","image/jpeg","0"
"693","3","2026-04-01 14:40:43","2026-04-01 14:40:43","","image00193","","inherit","open","closed","","image00193","","","2026-04-01 14:40:43","2026-04-01 14:40:43","","0","https://sportskoudruzenjenovonaselje.com/wp-content/uploads/2026/04/image00193.jpeg","0","attachment","image/jpeg","0"
"694","3","2026-04-01 14:41:11","2026-04-01 14:41:11","","image00195","","inherit","open","closed","","image00195","","","2026-04-01 14:41:11","2026-04-01 14:41:11","","0","https://sportskoudruzenjenovonaselje.com/wp-content/uploads/2026/04/image00195.jpeg","0","attachment","image/jpeg","0"
"695","3","2026-04-01 14:41:41","2026-04-01 14:41:41","","image00196","","inherit","open","closed","","image00196","","","2026-04-01 14:41:41","2026-04-01 14:41:41","","0","https://sportskoudruzenjenovonaselje.com/wp-content/uploads/2026/04/image00196.jpeg","0","attachment","image/jpeg","0"
"696","3","2026-04-01 14:45:30","2026-04-01 14:45:30","","image00222","","inherit","open","closed","","image00222","","","2026-04-01 14:45:30","2026-04-01 14:45:30","","0","https://sportskoudruzenjenovonaselje.com/wp-content/uploads/2026/04/image00222.jpeg","0","attachment","image/jpeg","0"
"697","3","2026-04-01 14:46:30","2026-04-01 14:46:30","","image00203","","inherit","open","closed","","image00203","","","2026-04-01 14:46:30","2026-04-01 14:46:30","","0","https://sportskoudruzenjenovonaselje.com/wp-content/uploads/2026/04/image00203.jpeg","0","attachment","image/jpeg","0"
"698","3","2026-04-01 14:47:03","2026-04-01 14:47:03","","image00202","","inherit","open","closed","","image00202","","","2026-04-01 14:47:03","2026-04-01 14:47:03","","0","https://sportskoudruzenjenovonaselje.com/wp-content/uploads/2026/04/image00202.jpeg","0","attachment","image/jpeg","0"
"699","3","2026-04-01 14:48:57","2026-04-01 14:48:57","","IMG-6ee05d502ea9569b482dbaebb631dfb0-V","","inherit","open","closed","","img-6ee05d502ea9569b482dbaebb631dfb0-v","","","2026-04-01 14:48:57","2026-04-01 14:48:57","","0","https://sportskoudruzenjenovonaselje.com/wp-content/uploads/2026/04/IMG-6ee05d502ea9569b482dbaebb631dfb0-V.jpg","0","attachment","image/jpeg","0"
"700","3","2026-04-01 14:49:29","2026-04-01 14:49:29","","IMG-5f5e25bfa0a46e866fb1d0c58f65b4ff-V","","inherit","open","closed","","img-5f5e25bfa0a46e866fb1d0c58f65b4ff-v","","","2026-04-01 14:49:29","2026-04-01 14:49:29","","0","https://sportskoudruzenjenovonaselje.com/wp-content/uploads/2026/04/IMG-5f5e25bfa0a46e866fb1d0c58f65b4ff-V.jpg","0","attachment","image/jpeg","0"
"701","3","2026-04-01 14:50:36","2026-04-01 14:50:36","","IMG-3db76b585d4df2da668b209fbe86c027-V","","inherit","open","closed","","img-3db76b585d4df2da668b209fbe86c027-v","","","2026-04-01 14:50:36","2026-04-01 14:50:36","","0","https://sportskoudruzenjenovonaselje.com/wp-content/uploads/2026/04/IMG-3db76b585d4df2da668b209fbe86c027-V.jpg","0","attachment","image/jpeg","0"
"704","6","2026-04-03 13:00:06","2026-04-03 13:00:06","","Veternik","","publish","closed","closed","","veternik","","","2026-04-09 16:32:10","2026-04-09 16:32:10","","0","https://sportskoudruzenjenovonaselje.com/?post_type=btm_team&#038;p=704","0","btm_team","","0"
"707","3","2026-04-03 13:39:09","2026-04-03 13:39:09","","SAMBA KAFA 3X3","","publish","closed","closed","","samba-3x3","","","2026-04-05 12:44:25","2026-04-05 12:44:25","","0","https://sportskoudruzenjenovonaselje.com/?post_type=btm_team&#038;p=707","0","btm_team","","0"
"708","3","2026-04-03 13:39:51","2026-04-03 13:39:51","","MARTINCI 3X3","","publish","closed","closed","","martinci-3x3","","","2026-04-05 12:42:50","2026-04-05 12:42:50","","0","https://sportskoudruzenjenovonaselje.com/?post_type=btm_team&#038;p=708","0","btm_team","","0"
"710","1","2026-04-03 14:53:40","2026-04-03 14:53:40","","jokeri","","publish","closed","closed","","jokeri","","","2026-04-03 14:53:40","2026-04-03 14:53:40","","0","https://sportskoudruzenjenovonaselje.com/?post_type=btm_team&#038;p=710","0","btm_team","","0"
"711","3","2026-04-05 12:42:44","2026-04-05 12:42:44","","3 P Martinci","","inherit","open","closed","","3-p-martinci","","","2026-04-05 12:42:44","2026-04-05 12:42:44","","708","https://sportskoudruzenjenovonaselje.com/wp-content/uploads/2026/04/3-P-Martinci.jpeg","0","attachment","image/jpeg","0"
"713","3","2026-04-05 12:44:22","2026-04-05 12:44:22","","2 P Samba kafa","","inherit","open","closed","","2-p-samba-kafa","","","2026-04-05 12:44:22","2026-04-05 12:44:22","","707","https://sportskoudruzenjenovonaselje.com/wp-content/uploads/2026/04/2-P-Samba-kafa.jpeg","0","attachment","image/jpeg","0"
"714","3","2026-04-05 12:44:48","2026-04-05 12:44:48","","6 P Potkozarje","","inherit","open","closed","","6-p-potkozarje","","","2026-04-05 12:44:48","2026-04-05 12:44:48","","672","https://sportskoudruzenjenovonaselje.com/wp-content/uploads/2026/03/6-P-Potkozarje.jpeg","0","attachment","image/jpeg","0"
"717","6","2026-04-09 16:32:06","2026-04-09 16:32:06","","WhatsApp Image 2026-03-31 at 20.03.24","","inherit","open","closed","","whatsapp-image-2026-03-31-at-20-03-24","","","2026-04-09 16:32:06","2026-04-09 16:32:06","","704","https://sportskoudruzenjenovonaselje.com/wp-content/uploads/2026/04/WhatsApp-Image-2026-03-31-at-20.03.24.jpeg","0","attachment","image/jpeg","0"
"718","6","2026-04-09 16:32:23","2026-04-09 16:32:23","","WhatsApp Image 2026-03-24 at 09.09.56","","inherit","open","closed","","whatsapp-image-2026-03-24-at-09-09-56","","","2026-04-09 16:32:23","2026-04-09 16:32:23","","654","https://sportskoudruzenjenovonaselje.com/wp-content/uploads/2026/03/WhatsApp-Image-2026-03-24-at-09.09.56.jpeg","0","attachment","image/jpeg","0"
"723","6","2026-04-20 14:33:02","2026-04-20 14:33:02","","IMG_4972","","inherit","open","closed","","img_4972","","","2026-04-20 14:33:02","2026-04-20 14:33:02","","0","https://sportskoudruzenjenovonaselje.com/wp-content/uploads/2026/04/IMG_4972.jpg","0","attachment","image/jpeg","0"
"729","1","2026-04-26 06:21:58","2026-04-26 06:21:58","","Kujnica","","publish","closed","closed","","kujnica","","","2026-04-26 06:23:14","2026-04-26 06:23:14","","0","https://sportskoudruzenjenovonaselje.com/?post_type=btm_team&#038;p=729","0","btm_team","","0"
"730","1","2026-04-26 11:45:48","2026-04-26 11:45:48","","Sajmište","","publish","closed","closed","","sajmiste","","","2026-04-26 11:45:48","2026-04-26 11:45:48","","0","https://sportskoudruzenjenovonaselje.com/?post_type=btm_team&#038;p=730","0","btm_team","","0"
"736","1","2026-04-30 14:48:12","2026-04-30 14:48:12","<!-- wp:paragraph -->
<p>Kategorija: SENIORI</p>
<!-- /wp:paragraph -->","Taš Novo naselje 2026","","publish","closed","closed","","veliki-letnji-turnir-novo-naselje-2026","","","2026-07-14 14:16:34","2026-07-14 14:16:34","","0","https://sportskoudruzenjenovonaselje.com/?post_type=flm_liga&#038;p=736","0","flm_liga","","0"
"738","1","2026-04-30 14:49:52","2026-04-30 14:49:52","","WhatsApp Image 2026-04-08 at 12.50.16","","inherit","open","closed","","whatsapp-image-2026-04-08-at-12-50-16","","","2026-04-30 14:49:52","2026-04-30 14:49:52","","736","https://sportskoudruzenjenovonaselje.com/wp-content/uploads/2026/04/WhatsApp-Image-2026-04-08-at-12.50.16.jpeg","0","attachment","image/jpeg","0"
"739","1","2026-04-30 14:55:04","2026-04-30 14:55:04","<!-- wp:paragraph -->
<p>Kategorija: Omladinci i Kadeti (do 2007. godišta)</p>
<!-- /wp:paragraph -->","Taš Novo naselje 2026 omladinci","","publish","closed","closed","","veliki-letnji-turnir-novo-naselje-2026-juniori","","","2026-06-15 11:12:21","2026-06-15 11:12:21","","0","https://sportskoudruzenjenovonaselje.com/?post_type=flm_liga&#038;p=739","0","flm_liga","","0"
"743","2","2026-05-06 12:52:13","2026-05-06 12:52:13","","Sportsko_udruzenje_novo_naselje_logo","","inherit","open","closed","","sportsko_udruzenje_novo_naselje_logo","","","2026-05-06 12:53:06","2026-05-06 12:53:06","","0","https://sportskoudruzenjenovonaselje.com/wp-content/uploads/2026/05/Sportsko_udruzenje_novo_naselje_logo.png","0","attachment","image/png","0"
"744","2","2026-05-06 12:53:15","2026-05-06 12:53:15","","Sportsko_udruzenje_novo_naselje_mali_fudbal","","inherit","open","closed","","sportsko_udruzenje_novo_naselje_mali_fudbal","","","2026-05-06 12:53:28","2026-05-06 12:53:28","","0","https://sportskoudruzenjenovonaselje.com/wp-content/uploads/2026/05/Sportsko_udruzenje_novo_naselje_mali_fudbal.png","0","attachment","image/png","0"
"745","2","2026-05-06 12:53:45","2026-05-06 12:53:45","","Sportsko_udruzenje_novo_naselje_3x3_basket_logo","","inherit","open","closed","","sportsko_udruzenje_novo_naselje_3x3_basket_logo","","","2026-05-06 12:53:51","2026-05-06 12:53:51","","0","https://sportskoudruzenjenovonaselje.com/wp-content/uploads/2026/05/Sportsko_udruzenje_novo_naselje_3x3_basket_logo.png","0","attachment","image/png","0"
"747","2","2026-05-06 12:57:34","2026-05-06 12:57:34","","coko_mleko-200x300","","inherit","open","closed","","coko_mleko-200x300","","","2026-05-06 12:57:55","2026-05-06 12:57:55","","578","https://sportskoudruzenjenovonaselje.com/wp-content/uploads/2026/03/coko_mleko-200x300-1.jpg","0","attachment","image/jpeg","0"
"748","1","2026-05-08 12:31:30","2026-05-08 12:31:30","","Difovci","","publish","closed","closed","","krug-3x3","","","2026-06-01 17:20:02","2026-06-01 17:20:02","","0","https://sportskoudruzenjenovonaselje.com/?post_type=btm_team&#038;p=748","0","btm_team","","0"
"751","6","2026-05-08 12:43:33","2026-05-08 12:43:33","","Red dead","","publish","closed","closed","","021","","","2026-05-12 12:01:45","2026-05-12 12:01:45","","0","https://sportskoudruzenjenovonaselje.com/?post_type=btm_team&#038;p=751","0","btm_team","","0"
"759","6","2026-05-12 12:00:46","2026-05-12 12:00:46","","WhatsApp Image 2026-05-12 at 14.00.16","","inherit","open","closed","","whatsapp-image-2026-05-12-at-14-00-16","","","2026-05-12 12:00:46","2026-05-12 12:00:46","","751","https://sportskoudruzenjenovonaselje.com/wp-content/uploads/2026/05/WhatsApp-Image-2026-05-12-at-14.00.16.jpeg","0","attachment","image/jpeg","0"
"764","1","2026-05-15 11:43:39","2026-05-15 11:43:39","","Zemare","","publish","closed","closed","","zemare","","","2026-05-17 09:13:57","2026-05-17 09:13:57","","0","https://sportskoudruzenjenovonaselje.com/?post_type=btm_team&#038;p=764","0","btm_team","","0"
"765","1","2026-05-15 11:43:52","2026-05-15 11:43:52","","Remontada","","publish","closed","closed","","remontada","","","2026-05-17 09:06:48","2026-05-17 09:06:48","","0","https://sportskoudruzenjenovonaselje.com/?post_type=btm_team&#038;p=765","0","btm_team","","0"
"767","1","2026-05-15 11:51:40","2026-05-15 11:51:40","","Od 4 do pola 7","","publish","closed","closed","","od-4-do-pola-7","","","2026-05-17 09:06:06","2026-05-17 09:06:06","","0","https://sportskoudruzenjenovonaselje.com/?post_type=btm_team&#038;p=767","0","btm_team","","0"
"768","1","2026-05-15 11:51:57","2026-05-15 11:51:57","","Mirijevo 3x3","","publish","closed","closed","","mirijevo-3x3","","","2026-05-17 09:00:19","2026-05-17 09:00:19","","0","https://sportskoudruzenjenovonaselje.com/?post_type=btm_team&#038;p=768","0","btm_team","","0"
"769","1","2026-05-15 11:52:12","2026-05-15 11:52:12","","BixAgro","","publish","closed","closed","","bixsagro","","","2026-05-17 09:04:09","2026-05-17 09:04:09","","0","https://sportskoudruzenjenovonaselje.com/?post_type=btm_team&#038;p=769","0","btm_team","","0"
"772","1","2026-05-17 09:00:09","2026-05-17 09:00:09","","WhatsApp Image 2026-05-07 at 17.59.09","","inherit","open","closed","","whatsapp-image-2026-05-07-at-17-59-09","","","2026-05-17 09:00:09","2026-05-17 09:00:09","","768","https://sportskoudruzenjenovonaselje.com/wp-content/uploads/2026/05/WhatsApp-Image-2026-05-07-at-17.59.09.jpeg","0","attachment","image/jpeg","0"
"773","1","2026-05-17 09:04:05","2026-05-17 09:04:05","","416adcc8-4e6e-4a5b-8ec1-62378ccdec2a","","inherit","open","closed","","416adcc8-4e6e-4a5b-8ec1-62378ccdec2a","","","2026-05-17 09:04:05","2026-05-17 09:04:05","","769","https://sportskoudruzenjenovonaselje.com/wp-content/uploads/2026/05/416adcc8-4e6e-4a5b-8ec1-62378ccdec2a.jpeg","0","attachment","image/jpeg","0"
"774","1","2026-05-17 09:06:02","2026-05-17 09:06:02","","BCEF8382-0037-4185-B146-081E961290E9","","inherit","open","closed","","bcef8382-0037-4185-b146-081e961290e9","","","2026-05-17 09:06:02","2026-05-17 09:06:02","","767","https://sportskoudruzenjenovonaselje.com/wp-content/uploads/2026/05/BCEF8382-0037-4185-B146-081E961290E9.jpeg","0","attachment","image/jpeg","0"
"775","1","2026-05-17 09:06:44","2026-05-17 09:06:44","","f6113448-45eb-4915-a2af-408e185142cf","","inherit","open","closed","","f6113448-45eb-4915-a2af-408e185142cf","","","2026-05-17 09:06:44","2026-05-17 09:06:44","","765","https://sportskoudruzenjenovonaselje.com/wp-content/uploads/2026/05/f6113448-45eb-4915-a2af-408e185142cf.jpeg","0","attachment","image/jpeg","0"
"776","1","2026-05-17 09:10:13","2026-05-17 09:10:13","","e0a4484f-b22a-4156-bed7-1f7f912fdddd","","inherit","open","closed","","e0a4484f-b22a-4156-bed7-1f7f912fdddd","","","2026-05-17 09:10:13","2026-05-17 09:10:13","","764","https://sportskoudruzenjenovonaselje.com/wp-content/uploads/2026/05/e0a4484f-b22a-4156-bed7-1f7f912fdddd.jpeg","0","attachment","image/jpeg","0"
"778","1","2026-05-17 09:13:51","2026-05-17 09:13:51","","e0a4484f-b22a-4156-bed7-1f7f912fdddd","","inherit","open","closed","","e0a4484f-b22a-4156-bed7-1f7f912fdddd-2","","","2026-05-17 09:13:51","2026-05-17 09:13:51","","764","https://sportskoudruzenjenovonaselje.com/wp-content/uploads/2026/05/e0a4484f-b22a-4156-bed7-1f7f912fdddd-1.jpeg","0","attachment","image/jpeg","0"
"779","1","2026-05-17 09:30:26","2026-05-17 09:30:26","","147-IMG_0162","","inherit","open","closed","","147-img_0162","","","2026-05-17 09:30:26","2026-05-17 09:30:26","","653","https://sportskoudruzenjenovonaselje.com/wp-content/uploads/2026/03/147-IMG_0162.jpg","0","attachment","image/jpeg","0"
"780","1","2026-05-17 09:30:27","2026-05-17 09:30:27","","17-IMG_0428","","inherit","open","closed","","17-img_0428","","","2026-05-17 09:30:27","2026-05-17 09:30:27","","653","https://sportskoudruzenjenovonaselje.com/wp-content/uploads/2026/03/17-IMG_0428.jpg","0","attachment","image/jpeg","0"
"781","1","2026-05-17 09:33:25","2026-05-17 09:33:25","","IMG-7c9b92b3a9e1e1dd7c5955df8565312b-V","","inherit","open","closed","","img-7c9b92b3a9e1e1dd7c5955df8565312b-v","","","2026-05-17 09:33:25","2026-05-17 09:33:25","","231","https://sportskoudruzenjenovonaselje.com/wp-content/uploads/2026/02/IMG-7c9b92b3a9e1e1dd7c5955df8565312b-V.jpg","0","attachment","image/jpeg","0"
"783","1","2026-05-17 09:41:43","2026-05-17 09:41:43","","Untitled design","","inherit","open","closed","","untitled-design","","","2026-05-17 09:41:43","2026-05-17 09:41:43","","739","https://sportskoudruzenjenovonaselje.com/wp-content/uploads/2026/04/Untitled-design.png","0","attachment","image/png","0"
"784","1","2026-05-17 09:44:11","2026-05-17 09:44:11","","Taš Bet","","publish","closed","closed","","tas-bet","","","2026-05-17 09:44:11","2026-05-17 09:44:11","","0","https://sportskoudruzenjenovonaselje.com/?post_type=flm_sponzor&#038;p=784","0","flm_sponzor","","0"
"785","1","2026-05-17 09:44:06","2026-05-17 09:44:06","","tas-bet-logo (1)","","inherit","open","closed","","tas-bet-logo-1","","","2026-05-17 09:44:06","2026-05-17 09:44:06","","784","https://sportskoudruzenjenovonaselje.com/wp-content/uploads/2026/05/tas-bet-logo-1.png","0","attachment","image/png","0"
"786","1","2026-05-17 09:52:11","2026-05-17 09:52:11","<!-- wp:paragraph -->
<p>🏆 NOVO NASELJE 2026 – LETNJI TURNIR 🏆</p>
<!-- /wp:paragraph -->

<!-- wp:paragraph -->
<p>📅 10–14. JUN<br>📍 SC Meridijana • Novi Sad</p>
<!-- /wp:paragraph -->

<!-- wp:paragraph -->
<p>🔥 Nagradni fond: 500.000 RSD<br>⚽ 4+1 • Lopta br. 5<br>👥 10 igrača po ekipi<br>🏅 Kategorije: Omladinci • Seniori • Veterani</p>
<!-- /wp:paragraph -->

<!-- wp:paragraph -->
<p>Posle uspešne prve sezone lige, Novo Naselje ovog leta organizuje jedan od najvećih turnira u gradu.<br>Očekuju vas vrhunska atmosfera, ozbiljne ekipe, live prenosi i 5 dana jakog fudbala. 👊</p>
<!-- /wp:paragraph -->

<!-- wp:paragraph -->
<p>📞 Prijave i informacije:<br>069 1715 293</p>
<!-- /wp:paragraph -->

<!-- wp:paragraph -->
<p>⚡ Broj mesta je ograničen — prijave su otvorene i traju do 24. Maja!</p>
<!-- /wp:paragraph -->","Veliki letnji turnir ,,Taš Novo naselje 2026""","","publish","open","open","","veliki-letnji-turnir-tas-novo-naselje-2026","","","2026-05-17 09:52:11","2026-05-17 09:52:11","","0","https://sportskoudruzenjenovonaselje.com/?p=786","0","post","","0"
"787","1","2026-05-17 09:51:59","2026-05-17 09:51:59","","WhatsApp Image 2026-05-13 at 09.49.32","","inherit","open","closed","","whatsapp-image-2026-05-13-at-09-49-32","","","2026-05-17 09:51:59","2026-05-17 09:51:59","","786","https://sportskoudruzenjenovonaselje.com/wp-content/uploads/2026/05/WhatsApp-Image-2026-05-13-at-09.49.32.jpeg","0","attachment","image/jpeg","0"
"788","1","2026-05-17 09:52:11","2026-05-17 09:52:11","<!-- wp:paragraph -->
<p>🏆 NOVO NASELJE 2026 – LETNJI TURNIR 🏆</p>
<!-- /wp:paragraph -->

<!-- wp:paragraph -->
<p>📅 10–14. JUN<br>📍 SC Meridijana • Novi Sad</p>
<!-- /wp:paragraph -->

<!-- wp:paragraph -->
<p>🔥 Nagradni fond: 500.000 RSD<br>⚽ 4+1 • Lopta br. 5<br>👥 10 igrača po ekipi<br>🏅 Kategorije: Omladinci • Seniori • Veterani</p>
<!-- /wp:paragraph -->

<!-- wp:paragraph -->
<p>Posle uspešne prve sezone lige, Novo Naselje ovog leta organizuje jedan od najvećih turnira u gradu.<br>Očekuju vas vrhunska atmosfera, ozbiljne ekipe, live prenosi i 5 dana jakog fudbala. 👊</p>
<!-- /wp:paragraph -->

<!-- wp:paragraph -->
<p>📞 Prijave i informacije:<br>069 1715 293</p>
<!-- /wp:paragraph -->

<!-- wp:paragraph -->
<p>⚡ Broj mesta je ograničen — prijave su otvorene i traju do 24. Maja!</p>
<!-- /wp:paragraph -->","Veliki letnji turnir ,,Taš Novo naselje 2026""","","inherit","closed","closed","","786-revision-v1","","","2026-05-17 09:52:11","2026-05-17 09:52:11","","786","https://sportskoudruzenjenovonaselje.com/?p=788","0","revision","","0"
"789","1","2026-05-17 09:55:31","2026-05-17 09:55:31","<!-- wp:paragraph -->
<p>Najmlađi otvaraju leto fudbala na Novom Naselju! ⚽️<br>Prijave za omladinsku kategoriju su zvanično otvorene.</p>
<!-- /wp:paragraph -->

<!-- wp:paragraph -->
<p>📌 PRAVILA KATEGORIJE:<br>👥 Igrači do 2007. godišta<br>⚽ Sistem igre 4+1<br>🕒 2x10 minuta<br>🎯 Lopta br. 5</p>
<!-- /wp:paragraph -->

<!-- wp:paragraph -->
<p>💰 Kotizacija: 12.000 RSD</p>
<!-- /wp:paragraph -->

<!-- wp:paragraph -->
<p>🏆 NAGRADNI FOND:<br>🥇 50.000 RSD<br>🥈 Sponzorske nagrade<br>🥉 Sponzorske nagrade</p>
<!-- /wp:paragraph -->

<!-- wp:paragraph -->
<p>Očekuju vas vrhunska atmosfera, ozbiljne ekipe, live prenosi i 5 dana jakog fudbala na Novom Naselju. 👊🔥</p>
<!-- /wp:paragraph -->

<!-- wp:paragraph -->
<p>📍 SC Meridijana • Novi Sad<br>📅 10–14. JUN</p>
<!-- /wp:paragraph -->

<!-- wp:paragraph -->
<p>📞 Prijave i informacije:<br>069 1715 293</p>
<!-- /wp:paragraph -->

<!-- wp:paragraph -->
<p>⚠️ Požurite jer je broj ograničen na 8 ekipa!</p>
<!-- /wp:paragraph -->","Po prvi put kategorija omladinci na letnjem turniru ,,Taš Novo naselje 2026""","","publish","open","open","","po-prvi-put-kategorija-omladinci-na-letnjem-turniru-tas-novo-naselje-2026","","","2026-05-17 09:55:31","2026-05-17 09:55:31","","0","https://sportskoudruzenjenovonaselje.com/?p=789","0","post","","0"
"790","1","2026-05-17 09:53:34","2026-05-17 09:53:34","","WhatsApp Image 2026-05-13 at 09.53.35","","inherit","open","closed","","whatsapp-image-2026-05-13-at-09-53-35","","","2026-05-17 09:53:34","2026-05-17 09:53:34","","789","https://sportskoudruzenjenovonaselje.com/wp-content/uploads/2026/05/WhatsApp-Image-2026-05-13-at-09.53.35.jpeg","0","attachment","image/jpeg","0"
"791","1","2026-05-17 09:53:43","2026-05-17 09:53:43","","WhatsApp Image 2026-05-13 at 09.53.35","","inherit","open","closed","","whatsapp-image-2026-05-13-at-09-53-35-2","","","2026-05-17 09:53:43","2026-05-17 09:53:43","","789","https://sportskoudruzenjenovonaselje.com/wp-content/uploads/2026/05/WhatsApp-Image-2026-05-13-at-09.53.35-1.jpeg","0","attachment","image/jpeg","0"
"792","1","2026-05-17 09:55:31","2026-05-17 09:55:31","<!-- wp:paragraph -->
<p>Najmlađi otvaraju leto fudbala na Novom Naselju! ⚽️<br>Prijave za omladinsku kategoriju su zvanično otvorene.</p>
<!-- /wp:paragraph -->

<!-- wp:paragraph -->
<p>📌 PRAVILA KATEGORIJE:<br>👥 Igrači do 2007. godišta<br>⚽ Sistem igre 4+1<br>🕒 2x10 minuta<br>🎯 Lopta br. 5</p>
<!-- /wp:paragraph -->

<!-- wp:paragraph -->
<p>💰 Kotizacija: 12.000 RSD</p>
<!-- /wp:paragraph -->

<!-- wp:paragraph -->
<p>🏆 NAGRADNI FOND:<br>🥇 50.000 RSD<br>🥈 Sponzorske nagrade<br>🥉 Sponzorske nagrade</p>
<!-- /wp:paragraph -->

<!-- wp:paragraph -->
<p>Očekuju vas vrhunska atmosfera, ozbiljne ekipe, live prenosi i 5 dana jakog fudbala na Novom Naselju. 👊🔥</p>
<!-- /wp:paragraph -->

<!-- wp:paragraph -->
<p>📍 SC Meridijana • Novi Sad<br>📅 10–14. JUN</p>
<!-- /wp:paragraph -->

<!-- wp:paragraph -->
<p>📞 Prijave i informacije:<br>069 1715 293</p>
<!-- /wp:paragraph -->

<!-- wp:paragraph -->
<p>⚠️ Požurite jer je broj ograničen na 8 ekipa!</p>
<!-- /wp:paragraph -->","Po prvi put kategorija omladinci na letnjem turniru ,,Taš Novo naselje 2026""","","inherit","closed","closed","","789-revision-v1","","","2026-05-17 09:55:31","2026-05-17 09:55:31","","789","https://sportskoudruzenjenovonaselje.com/?p=792","0","revision","","0"
"793","1","2026-05-17 09:57:34","2026-05-17 09:57:34","<!-- wp:paragraph -->
<p>Fudbal ne zna za godine ⚽️<br>Na teren izlaze ekipe sa iskustvom, karakterom i ozbiljnim fudbalskim kvalitetom 👊🔥</p>
<!-- /wp:paragraph -->

<!-- wp:paragraph -->
<p>📌 Kategorija veterani:<br>✅ Igrači 35+ godina<br>⚽ 4+1<br>🕒 2x10 minuta<br>💰 Kotizacija: 12.000 RSD</p>
<!-- /wp:paragraph -->

<!-- wp:paragraph -->
<p>🏆 Nagradni fond:<br>🥇 50.000 RSD<br>🥈 Sponzorske nagrade<br>🥉 Sponzorske nagrade</p>
<!-- /wp:paragraph -->

<!-- wp:paragraph -->
<p>📍 SC Meridijana • Novi Sad<br>📅 10–14. JUN</p>
<!-- /wp:paragraph -->

<!-- wp:paragraph -->
<p>📞 Prijave i informacije:<br>069 1715 293</p>
<!-- /wp:paragraph -->

<!-- wp:paragraph -->
<p>📸 Fotografisanje i snimanje utakmica<br>🎥 Live prenosi na YouTube-u</p>
<!-- /wp:paragraph -->

<!-- wp:paragraph -->
<p>⚠️ Požurite jer je broj ograničen na 8 ekipa!</p>
<!-- /wp:paragraph -->","Po prvi put kategorija veterani na letnjem turniru ,,Taš Novo naselje 2026""","","publish","open","open","","po-prvi-put-kategorija-veterani-na-letnjem-turniru-tas-novo-naselje-2026","","","2026-05-17 09:57:34","2026-05-17 09:57:34","","0","https://sportskoudruzenjenovonaselje.com/?p=793","0","post","","0"
"794","1","2026-05-17 09:57:29","2026-05-17 09:57:29","","WhatsApp Image 2026-05-13 at 09.56.03","","inherit","open","closed","","whatsapp-image-2026-05-13-at-09-56-03","","","2026-05-17 09:57:29","2026-05-17 09:57:29","","793","https://sportskoudruzenjenovonaselje.com/wp-content/uploads/2026/05/WhatsApp-Image-2026-05-13-at-09.56.03.jpeg","0","attachment","image/jpeg","0"
"795","1","2026-05-17 09:57:34","2026-05-17 09:57:34","<!-- wp:paragraph -->
<p>Fudbal ne zna za godine ⚽️<br>Na teren izlaze ekipe sa iskustvom, karakterom i ozbiljnim fudbalskim kvalitetom 👊🔥</p>
<!-- /wp:paragraph -->

<!-- wp:paragraph -->
<p>📌 Kategorija veterani:<br>✅ Igrači 35+ godina<br>⚽ 4+1<br>🕒 2x10 minuta<br>💰 Kotizacija: 12.000 RSD</p>
<!-- /wp:paragraph -->

<!-- wp:paragraph -->
<p>🏆 Nagradni fond:<br>🥇 50.000 RSD<br>🥈 Sponzorske nagrade<br>🥉 Sponzorske nagrade</p>
<!-- /wp:paragraph -->

<!-- wp:paragraph -->
<p>📍 SC Meridijana • Novi Sad<br>📅 10–14. JUN</p>
<!-- /wp:paragraph -->

<!-- wp:paragraph -->
<p>📞 Prijave i informacije:<br>069 1715 293</p>
<!-- /wp:paragraph -->

<!-- wp:paragraph -->
<p>📸 Fotografisanje i snimanje utakmica<br>🎥 Live prenosi na YouTube-u</p>
<!-- /wp:paragraph -->

<!-- wp:paragraph -->
<p>⚠️ Požurite jer je broj ograničen na 8 ekipa!</p>
<!-- /wp:paragraph -->","Po prvi put kategorija veterani na letnjem turniru ,,Taš Novo naselje 2026""","","inherit","closed","closed","","793-revision-v1","","","2026-05-17 09:57:34","2026-05-17 09:57:34","","793","https://sportskoudruzenjenovonaselje.com/?p=795","0","revision","","0"
"796","6","2026-05-17 10:19:33","2026-05-17 10:19:33","","IMG_3598","","inherit","open","closed","","img_3598","","","2026-05-17 10:19:33","2026-05-17 10:19:33","","0","https://sportskoudruzenjenovonaselje.com/wp-content/uploads/2026/05/IMG_3598.png","0","attachment","image/png","0"
"797","6","2026-05-17 10:19:59","2026-05-17 10:19:59","","IMG_3595","","inherit","open","closed","","img_3595","","","2026-05-17 10:19:59","2026-05-17 10:19:59","","0","https://sportskoudruzenjenovonaselje.com/wp-content/uploads/2026/05/IMG_3595.png","0","attachment","image/png","0"
"798","6","2026-05-17 10:20:20","2026-05-17 10:20:20","","IMG_3597","","inherit","open","closed","","img_3597","","","2026-05-17 10:20:20","2026-05-17 10:20:20","","0","https://sportskoudruzenjenovonaselje.com/wp-content/uploads/2026/05/IMG_3597.png","0","attachment","image/png","0"
"799","6","2026-05-17 10:20:45","2026-05-17 10:20:45","","IMG_3596","","inherit","open","closed","","img_3596","","","2026-05-17 10:20:45","2026-05-17 10:20:45","","0","https://sportskoudruzenjenovonaselje.com/wp-content/uploads/2026/05/IMG_3596.png","0","attachment","image/png","0"
"800","6","2026-05-17 10:22:53","2026-05-17 10:22:53","","Screenshot","Screenshot","inherit","open","closed","","screenshot","","","2026-05-17 10:22:53","2026-05-17 10:22:53","","0","https://sportskoudruzenjenovonaselje.com/wp-content/uploads/2026/05/IMG_3598.jpeg","0","attachment","image/jpeg","0"
"801","6","2026-05-17 10:23:16","2026-05-17 10:23:16","","IMG_3595","","inherit","open","closed","","img_3595-2","","","2026-05-17 10:23:16","2026-05-17 10:23:16","","0","https://sportskoudruzenjenovonaselje.com/wp-content/uploads/2026/05/IMG_3595-1.png","0","attachment","image/png","0"
"802","6","2026-05-17 10:23:36","2026-05-17 10:23:36","","Screenshot","Screenshot","inherit","open","closed","","screenshot-2","","","2026-05-17 10:23:36","2026-05-17 10:23:36","","0","https://sportskoudruzenjenovonaselje.com/wp-content/uploads/2026/05/IMG_3597.jpeg","0","attachment","image/jpeg","0"
"803","6","2026-05-17 10:23:54","2026-05-17 10:23:54","","Screenshot","Screenshot","inherit","open","closed","","screenshot-3","","","2026-05-17 10:23:54","2026-05-17 10:23:54","","0","https://sportskoudruzenjenovonaselje.com/wp-content/uploads/2026/05/IMG_3596.jpeg","0","attachment","image/jpeg","0"
"804","6","2026-05-17 10:25:01","2026-05-17 10:25:01","","Screenshot","Screenshot","inherit","open","closed","","screenshot-4","","","2026-05-17 10:25:01","2026-05-17 10:25:01","","0","https://sportskoudruzenjenovonaselje.com/wp-content/uploads/2026/05/IMG_3595.jpeg","0","attachment","image/jpeg","0"
"805","1","2026-05-22 11:28:26","2026-05-22 11:28:26","","Tata Brada 3x3","","publish","closed","closed","","tata-brada-3x3","","","2026-05-22 11:28:26","2026-05-22 11:28:26","","0","https://sportskoudruzenjenovonaselje.com/?post_type=btm_team&#038;p=805","0","btm_team","","0"
"806","1","2026-05-22 11:28:10","2026-05-22 11:28:10","{""version"": 3, ""isGlobalStylesUserThemeJSON"": true }","Custom Styles","","publish","closed","closed","","wp-global-styles-flavor-suspended-flavor-theme","","","2026-05-22 11:28:10","2026-05-22 11:28:10","","0","https://sportskoudruzenjenovonaselje.com/wp-global-styles-flavor-suspended-flavor-theme/","0","wp_global_styles","","0"
"814","1","2026-05-31 06:31:22","2026-05-31 06:31:22","","Kuvari","","publish","closed","closed","","kuvari","","","2026-05-31 06:31:22","2026-05-31 06:31:22","","0","https://sportskoudruzenjenovonaselje.com/?post_type=btm_team&#038;p=814","0","btm_team","","0"
"815","1","2026-05-31 06:31:52","2026-05-31 06:31:52","","Intermezzo caffe","","publish","closed","closed","","intermezzo-caffe","","","2026-05-31 06:31:52","2026-05-31 06:31:52","","0","https://sportskoudruzenjenovonaselje.com/?post_type=btm_team&#038;p=815","0","btm_team","","0"
"816","1","2026-05-31 06:32:23","2026-05-31 06:32:23","","Underdogs","","publish","closed","closed","","underdogs","","","2026-05-31 06:32:23","2026-05-31 06:32:23","","0","https://sportskoudruzenjenovonaselje.com/?post_type=btm_team&#038;p=816","0","btm_team","","0"
"820","1","2026-06-07 12:06:37","2026-06-07 12:06:37","","Difovci","","publish","closed","closed","","difovci","","","2026-06-07 12:06:37","2026-06-07 12:06:37","","0","https://sportskoudruzenjenovonaselje.com/?post_type=btm_team&#038;p=820","0","btm_team","","0"
"822","1","2026-06-09 16:30:32","2026-06-09 16:30:32","","Toki Boki Čurug","","publish","closed","closed","","toki-boki-curug","","","2026-06-14 13:05:49","2026-06-14 13:05:49","","0","https://sportskoudruzenjenovonaselje.com/?post_type=flm_tim&#038;p=822","0","flm_tim","","0"
"823","1","2026-06-09 16:30:25","2026-06-09 16:30:25","","WhatsApp Image 2026-06-09 at 14.45.40","","inherit","open","closed","","whatsapp-image-2026-06-09-at-14-45-40","","","2026-06-09 16:30:25","2026-06-09 16:30:25","","822","https://sportskoudruzenjenovonaselje.com/wp-content/uploads/2026/06/WhatsApp-Image-2026-06-09-at-14.45.40.jpeg","0","attachment","image/jpeg","0"
"824","4","2026-06-09 16:32:05","2026-06-09 16:32:05","","Kawasaki frontale","","publish","closed","closed","","kawasaki-frontale","","","2026-06-16 19:13:56","2026-06-16 19:13:56","","0","https://sportskoudruzenjenovonaselje.com/?post_type=flm_tim&#038;p=824","0","flm_tim","","0"
"825","1","2026-06-09 16:31:28","2026-06-09 16:31:28","","WhatsApp Image 2026-06-09 at 14.48.17","","inherit","open","closed","","whatsapp-image-2026-06-09-at-14-48-17","","","2026-06-09 16:31:28","2026-06-09 16:31:28","","824","https://sportskoudruzenjenovonaselje.com/wp-content/uploads/2026/06/WhatsApp-Image-2026-06-09-at-14.48.17.jpeg","0","attachment","image/jpeg","0"
"826","1","2026-06-09 16:32:41","2026-06-09 16:32:41","","Ranmak Steel","","publish","closed","closed","","ranmak-steel","","","2026-06-12 17:53:03","2026-06-12 17:53:03","","0","https://sportskoudruzenjenovonaselje.com/?post_type=flm_tim&#038;p=826","0","flm_tim","","0"
"827","1","2026-06-09 16:32:35","2026-06-09 16:32:35","","WhatsApp Image 2026-06-09 at 15.06.22","","inherit","open","closed","","whatsapp-image-2026-06-09-at-15-06-22","","","2026-06-09 16:32:35","2026-06-09 16:32:35","","826","https://sportskoudruzenjenovonaselje.com/wp-content/uploads/2026/06/WhatsApp-Image-2026-06-09-at-15.06.22.jpeg","0","attachment","image/jpeg","0"
"828","1","2026-06-09 16:33:15","2026-06-09 16:33:15","","Kontra FC Vatroservis","","publish","closed","closed","","kontra-fc-vatroservis","","","2026-06-10 13:25:00","2026-06-10 13:25:00","","0","https://sportskoudruzenjenovonaselje.com/?post_type=flm_tim&#038;p=828","0","flm_tim","","0"
"829","1","2026-06-09 16:33:07","2026-06-09 16:33:07","","WhatsApp Image 2026-06-09 at 14.29.53","","inherit","open","closed","","whatsapp-image-2026-06-09-at-14-29-53","","","2026-06-09 16:33:07","2026-06-09 16:33:07","","828","https://sportskoudruzenjenovonaselje.com/wp-content/uploads/2026/06/WhatsApp-Image-2026-06-09-at-14.29.53.jpeg","0","attachment","image/jpeg","0"
"830","1","2026-06-09 16:33:44","2026-06-09 16:33:44","","Index House","","publish","closed","closed","","index-house","","","2026-06-10 13:23:04","2026-06-10 13:23:04","","0","https://sportskoudruzenjenovonaselje.com/?post_type=flm_tim&#038;p=830","0","flm_tim","","0"
"831","1","2026-06-09 16:33:40","2026-06-09 16:33:40","","WhatsApp Image 2026-06-09 at 14.53.22","","inherit","open","closed","","whatsapp-image-2026-06-09-at-14-53-22","","","2026-06-09 16:33:40","2026-06-09 16:33:40","","830","https://sportskoudruzenjenovonaselje.com/wp-content/uploads/2026/06/WhatsApp-Image-2026-06-09-at-14.53.22.jpeg","0","attachment","image/jpeg","0"
"832","1","2026-06-09 16:34:28","2026-06-09 16:34:28","","Pivnica Danka","","publish","closed","closed","","pivnica-danka","","","2026-06-12 07:45:43","2026-06-12 07:45:43","","0","https://sportskoudruzenjenovonaselje.com/?post_type=flm_tim&#038;p=832","0","flm_tim","","0"
"833","1","2026-06-09 16:34:13","2026-06-09 16:34:13","","WhatsApp Image 2026-06-09 at 14.30.30","","inherit","open","closed","","whatsapp-image-2026-06-09-at-14-30-30","","","2026-06-09 16:34:13","2026-06-09 16:34:13","","832","https://sportskoudruzenjenovonaselje.com/wp-content/uploads/2026/06/WhatsApp-Image-2026-06-09-at-14.30.30.jpeg","0","attachment","image/jpeg","0"
"834","1","2026-06-09 16:35:01","2026-06-09 16:35:01","","Nezza Pizza","","publish","closed","closed","","nezza-pizza","","","2026-06-09 22:37:16","2026-06-09 22:37:16","","0","https://sportskoudruzenjenovonaselje.com/?post_type=flm_tim&#038;p=834","0","flm_tim","","0"
"835","1","2026-06-09 16:34:55","2026-06-09 16:34:55","","WhatsApp Image 2026-06-09 at 14.47.49","","inherit","open","closed","","whatsapp-image-2026-06-09-at-14-47-49","","","2026-06-09 16:34:55","2026-06-09 16:34:55","","834","https://sportskoudruzenjenovonaselje.com/wp-content/uploads/2026/06/WhatsApp-Image-2026-06-09-at-14.47.49.jpeg","0","attachment","image/jpeg","0"
"836","1","2026-06-09 16:35:49","2026-06-09 16:35:49","","Hornjak Logistik","","publish","closed","closed","","hornjak-logistik","","","2026-06-13 16:02:53","2026-06-13 16:02:53","","0","https://sportskoudruzenjenovonaselje.com/?post_type=flm_tim&#038;p=836","0","flm_tim","","0"
"837","1","2026-06-09 16:35:44","2026-06-09 16:35:44","","WhatsApp Image 2026-06-09 at 14.40.59","","inherit","open","closed","","whatsapp-image-2026-06-09-at-14-40-59","","","2026-06-09 16:35:44","2026-06-09 16:35:44","","836","https://sportskoudruzenjenovonaselje.com/wp-content/uploads/2026/06/WhatsApp-Image-2026-06-09-at-14.40.59.jpeg","0","attachment","image/jpeg","0"
"838","1","2026-06-09 16:36:15","2026-06-09 16:36:15","","Buda Hem","","publish","closed","closed","","buda-hem","","","2026-06-09 22:33:21","2026-06-09 22:33:21","","0","https://sportskoudruzenjenovonaselje.com/?post_type=flm_tim&#038;p=838","0","flm_tim","","0"
"839","1","2026-06-09 16:36:11","2026-06-09 16:36:11","","WhatsApp Image 2026-06-09 at 14.50.29","","inherit","open","closed","","whatsapp-image-2026-06-09-at-14-50-29","","","2026-06-09 16:36:11","2026-06-09 16:36:11","","838","https://sportskoudruzenjenovonaselje.com/wp-content/uploads/2026/06/WhatsApp-Image-2026-06-09-at-14.50.29.jpeg","0","attachment","image/jpeg","0"
"840","1","2026-06-09 16:36:39","2026-06-09 16:36:39","","Dolly bell","","publish","closed","closed","","dolly-bell","","","2026-06-09 22:22:58","2026-06-09 22:22:58","","0","https://sportskoudruzenjenovonaselje.com/?post_type=flm_tim&#038;p=840","0","flm_tim","","0"
"841","1","2026-06-09 16:36:35","2026-06-09 16:36:35","","WhatsApp Image 2026-06-09 at 14.11.04 (1)","","inherit","open","closed","","whatsapp-image-2026-06-09-at-14-11-04-1","","","2026-06-09 16:36:35","2026-06-09 16:36:35","","840","https://sportskoudruzenjenovonaselje.com/wp-content/uploads/2026/06/WhatsApp-Image-2026-06-09-at-14.11.04-1.jpeg","0","attachment","image/jpeg","0"
"842","1","2026-06-09 16:37:22","2026-06-09 16:37:22","","Restoran kod Duće Veternik","","publish","closed","closed","","restoran-kod-duce-veternik","","","2026-06-09 22:26:39","2026-06-09 22:26:39","","0","https://sportskoudruzenjenovonaselje.com/?post_type=flm_tim&#038;p=842","0","flm_tim","","0"
"843","1","2026-06-09 16:37:12","2026-06-09 16:37:12","","WhatsApp Image 2026-06-09 at 14.56.16","","inherit","open","closed","","whatsapp-image-2026-06-09-at-14-56-16","","","2026-06-09 16:37:12","2026-06-09 16:37:12","","842","https://sportskoudruzenjenovonaselje.com/wp-content/uploads/2026/06/WhatsApp-Image-2026-06-09-at-14.56.16.jpeg","0","attachment","image/jpeg","0"
"851","1","2026-06-09 22:55:04","2026-06-09 22:55:04","","Boske Color","","publish","closed","closed","","boske-color","","","2026-06-09 23:01:42","2026-06-09 23:01:42","","0","https://sportskoudruzenjenovonaselje.com/?post_type=flm_tim&#038;p=851","0","flm_tim","","0"
"852","1","2026-06-09 22:55:00","2026-06-09 22:55:00","","WhatsApp Image 2026-06-09 at 14.42.36","","inherit","open","closed","","whatsapp-image-2026-06-09-at-14-42-36","","","2026-06-09 22:55:00","2026-06-09 22:55:00","","851","https://sportskoudruzenjenovonaselje.com/wp-content/uploads/2026/06/WhatsApp-Image-2026-06-09-at-14.42.36.jpeg","0","attachment","image/jpeg","0"
"853","1","2026-06-09 22:55:42","2026-06-09 22:55:42","","Invalidi","","publish","closed","closed","","invalidi","","","2026-06-12 07:47:39","2026-06-12 07:47:39","","0","https://sportskoudruzenjenovonaselje.com/?post_type=flm_tim&#038;p=853","0","flm_tim","","0"
"854","1","2026-06-09 22:55:35","2026-06-09 22:55:35","","WhatsApp Image 2026-06-09 at 14.57.33","","inherit","open","closed","","whatsapp-image-2026-06-09-at-14-57-33","","","2026-06-09 22:55:35","2026-06-09 22:55:35","","853","https://sportskoudruzenjenovonaselje.com/wp-content/uploads/2026/06/WhatsApp-Image-2026-06-09-at-14.57.33.jpeg","0","attachment","image/jpeg","0"
"855","1","2026-06-09 22:56:14","2026-06-09 22:56:14","","Bobar petrol","","publish","closed","closed","","bobar-petrol","","","2026-06-09 23:05:04","2026-06-09 23:05:04","","0","https://sportskoudruzenjenovonaselje.com/?post_type=flm_tim&#038;p=855","0","flm_tim","","0"
"856","1","2026-06-09 22:56:09","2026-06-09 22:56:09","","WhatsApp Image 2026-06-09 at 14.12.44","","inherit","open","closed","","whatsapp-image-2026-06-09-at-14-12-44","","","2026-06-09 22:56:09","2026-06-09 22:56:09","","855","https://sportskoudruzenjenovonaselje.com/wp-content/uploads/2026/06/WhatsApp-Image-2026-06-09-at-14.12.44.jpeg","0","attachment","image/jpeg","0"
"857","1","2026-06-09 22:56:41","2026-06-09 22:56:41","","Bacardi","","publish","closed","closed","","bacardi","","","2026-06-09 23:10:35","2026-06-09 23:10:35","","0","https://sportskoudruzenjenovonaselje.com/?post_type=flm_tim&#038;p=857","0","flm_tim","","0"
"858","1","2026-06-09 22:56:36","2026-06-09 22:56:36","","wn2NRMm5iJBXeZPBrefnhK","","inherit","open","closed","","wn2nrmm5ijbxezpbrefnhk","","","2026-06-09 22:56:36","2026-06-09 22:56:36","","857","https://sportskoudruzenjenovonaselje.com/wp-content/uploads/2026/06/wn2NRMm5iJBXeZPBrefnhK.jpg","0","attachment","image/jpeg","0"
"859","1","2026-06-09 22:57:23","2026-06-09 22:57:23","","Las Palmas","","publish","closed","closed","","las-palmas","","","2026-06-10 18:16:46","2026-06-10 18:16:46","","0","https://sportskoudruzenjenovonaselje.com/?post_type=flm_tim&#038;p=859","0","flm_tim","","0"
"860","1","2026-06-09 22:57:17","2026-06-09 22:57:17","","WhatsApp Image 2026-06-09 at 14.16.14","","inherit","open","closed","","whatsapp-image-2026-06-09-at-14-16-14","","","2026-06-09 22:57:17","2026-06-09 22:57:17","","859","https://sportskoudruzenjenovonaselje.com/wp-content/uploads/2026/06/WhatsApp-Image-2026-06-09-at-14.16.14.jpeg","0","attachment","image/jpeg","0"
"861","1","2026-06-09 22:57:57","2026-06-09 22:57:57","","Piklbol kuhinja","","publish","closed","closed","","piklbol-kuhinja","","","2026-06-09 23:18:33","2026-06-09 23:18:33","","0","https://sportskoudruzenjenovonaselje.com/?post_type=flm_tim&#038;p=861","0","flm_tim","","0"
"862","1","2026-06-09 22:57:51","2026-06-09 22:57:51","","WhatsApp Image 2026-06-09 at 14.18.55","","inherit","open","closed","","whatsapp-image-2026-06-09-at-14-18-55","","","2026-06-09 22:57:51","2026-06-09 22:57:51","","861","https://sportskoudruzenjenovonaselje.com/wp-content/uploads/2026/06/WhatsApp-Image-2026-06-09-at-14.18.55.jpeg","0","attachment","image/jpeg","0"
"863","1","2026-06-09 22:58:23","2026-06-09 22:58:23","","All Stars","","publish","closed","closed","","all-stars","","","2026-06-10 13:19:45","2026-06-10 13:19:45","","0","https://sportskoudruzenjenovonaselje.com/?post_type=flm_tim&#038;p=863","0","flm_tim","","0"
"864","1","2026-06-09 22:58:18","2026-06-09 22:58:18","","WhatsApp Image 2026-06-09 at 14.11.04","","inherit","open","closed","","whatsapp-image-2026-06-09-at-14-11-04","","","2026-06-09 22:58:18","2026-06-09 22:58:18","","863","https://sportskoudruzenjenovonaselje.com/wp-content/uploads/2026/06/WhatsApp-Image-2026-06-09-at-14.11.04.jpeg","0","attachment","image/jpeg","0"
"865","1","2026-06-09 22:58:56","2026-06-09 22:58:56","","Sopot United","","publish","closed","closed","","sopot-united","","","2026-06-09 23:21:28","2026-06-09 23:21:28","","0","https://sportskoudruzenjenovonaselje.com/?post_type=flm_tim&#038;p=865","0","flm_tim","","0"
"866","1","2026-06-09 22:58:47","2026-06-09 22:58:47","","WhatsApp Image 2026-06-09 at 14.23.26","","inherit","open","closed","","whatsapp-image-2026-06-09-at-14-23-26","","","2026-06-09 22:58:47","2026-06-09 22:58:47","","865","https://sportskoudruzenjenovonaselje.com/wp-content/uploads/2026/06/WhatsApp-Image-2026-06-09-at-14.23.26.jpeg","0","attachment","image/jpeg","0"
"867","1","2026-06-09 22:59:26","2026-06-09 22:59:26","","Kaćani","","publish","closed","closed","","kacani","","","2026-06-09 23:23:38","2026-06-09 23:23:38","","0","https://sportskoudruzenjenovonaselje.com/?post_type=flm_tim&#038;p=867","0","flm_tim","","0"
"868","1","2026-06-09 22:59:22","2026-06-09 22:59:22","","WhatsApp Image 2026-06-09 at 14.24.05","","inherit","open","closed","","whatsapp-image-2026-06-09-at-14-24-05","","","2026-06-09 22:59:22","2026-06-09 22:59:22","","867","https://sportskoudruzenjenovonaselje.com/wp-content/uploads/2026/06/WhatsApp-Image-2026-06-09-at-14.24.05.jpeg","0","attachment","image/jpeg","0"
"869","1","2026-06-09 22:59:57","2026-06-09 22:59:57","","Am Next Level","","publish","closed","closed","","am-next-level","","","2026-06-10 13:22:28","2026-06-10 13:22:28","","0","https://sportskoudruzenjenovonaselje.com/?post_type=flm_tim&#038;p=869","0","flm_tim","","0"
"870","1","2026-06-09 22:59:52","2026-06-09 22:59:52","","WhatsApp Image 2026-06-09 at 14.25.40","","inherit","open","closed","","whatsapp-image-2026-06-09-at-14-25-40","","","2026-06-09 22:59:52","2026-06-09 22:59:52","","869","https://sportskoudruzenjenovonaselje.com/wp-content/uploads/2026/06/WhatsApp-Image-2026-06-09-at-14.25.40.jpeg","0","attachment","image/jpeg","0"
"872","1","2026-06-09 23:32:46","2026-06-09 23:32:46","","Taš Bet","","publish","closed","closed","","tas-bet-2","","","2026-06-09 23:32:46","2026-06-09 23:32:46","","0","https://sportskoudruzenjenovonaselje.com/?post_type=flm_sponzor&#038;p=872","0","flm_sponzor","","0"
"874","1","2026-06-09 23:33:33","2026-06-09 23:33:33","","Baker Pekara","","publish","closed","closed","","baker-pekara","","","2026-06-09 23:36:04","2026-06-09 23:36:04","","0","https://sportskoudruzenjenovonaselje.com/?post_type=flm_sponzor&#038;p=874","0","flm_sponzor","","0"
"875","1","2026-06-09 23:33:23","2026-06-09 23:33:23","","logo","","inherit","open","closed","","logo","","","2026-06-09 23:33:23","2026-06-09 23:33:23","","874","https://sportskoudruzenjenovonaselje.com/wp-content/uploads/2026/06/logo.jpg","0","attachment","image/jpeg","0"
"876","1","2026-06-09 23:36:43","2026-06-09 23:36:43","","Baker Pekara","","publish","closed","closed","","baker-pekara-2","","","2026-06-09 23:36:43","2026-06-09 23:36:43","","0","https://sportskoudruzenjenovonaselje.com/?post_type=flm_sponzor&#038;p=876","0","flm_sponzor","","0"
"880","1","2026-07-14 14:12:41","0000-00-00 00:00:00","","Auto Draft","","auto-draft","open","open","","","","","2026-07-14 14:12:41","0000-00-00 00:00:00","","0","https://sportskoudruzenjenovonaselje.com/?p=880","0","post","","0"
"881","1","2026-07-14 14:13:40","0000-00-00 00:00:00","","Auto Draft","","auto-draft","closed","closed","","","","","2026-07-14 14:13:40","0000-00-00 00:00:00","","0","https://sportskoudruzenjenovonaselje.com/?post_type=flm_liga&p=881","0","flm_liga","","0"
"882","1","2026-07-14 14:14:23","0000-00-00 00:00:00","","Auto Draft","","auto-draft","closed","closed","","","","","2026-07-14 14:14:23","0000-00-00 00:00:00","","0","https://sportskoudruzenjenovonaselje.com/?post_type=flm_liga&p=882","0","flm_liga","","0"
"883","1","2026-07-14 14:15:29","0000-00-00 00:00:00","","Auto Draft","","auto-draft","closed","closed","","","","","2026-07-14 14:15:29","0000-00-00 00:00:00","","0","https://sportskoudruzenjenovonaselje.com/?post_type=flm_liga&p=883","0","flm_liga","","0"
"884","1","2026-07-14 14:17:04","2026-07-14 14:17:04","","Test live","","publish","closed","closed","","test-live","","","2026-07-14 14:17:04","2026-07-14 14:17:04","","0","https://sportskoudruzenjenovonaselje.com/?post_type=flm_liga&#038;p=884","0","flm_liga","","0"